Account number,Collective #,BP#,Customer Name1,Customer Name2,Service Address1,Store No,Bill Date,Due Date,Billing Period From,Billing Period To,Elec Meter1 #,Elec Meter2 #,Elec Meter3 #,Elec Meter4 #,Elec Meter5 #,Elec Meter6 #,Elec Meter7 #,Elec Meter8 #,Elec Rate1,Elec Rate2,Elec Rate3,Elec Meter Read1,Elec Meter Read2,Elec Meter Read3,Elec Meter Read4,Elec Meter Read5,Elec Meter Read6,Elec Meter Read7,Elec Meter Read8,Elec Days on Bill Current,Elec Kwh Used Current,Actual Demand KW,Billing Demand KW,Current Electricity Charge,Elec Reg Adj1,Elec Fuel Adj 1,Elec Reg Adj,Elec Fuel Adj 2,Elec Reg Adj3,Elec Fuel Adj 3,Gas Meter1 #,Gas Meter2 #,Gas Meter3 #,Gas Meter4 #,Gas Rate1,Gas Rate2,Gas Rate3,Gas Meter Read1,Gas Meter Read2,Gas Meter Read3,Gas Meter Read4,Gas Days on Bill Current,Gas ccf Used Current,Current Natural Gas Charge,Gas Fuel Adj1,Gas Reg Adj1,Gas Fuel Adj2,Gas Reg Adj2,Gas Fuel Adj3,Gas Reg Adj3,City Services,State & Local Sales Taxes,Additional Products & Services Total,Total Current Energy Charge,Previous Bill,Payment Adjustments Total,Balance,Due Date Amount,After Due Date Amount,Printdoc
300-0424-343,500-0012-000,105515018,US GOVT CAMP BULLIS,,19540 FM 1535 #GSTA,,6/30/2021,7/29/2021,5/29/2021,6/28/2021,6345278,,,,,,,,General Service PL,,,52667,,,,,,,,31,3110,10,10,357.89,29.73,65.84,,,,,,,,,,,,,,,,0,0,0,,,,,,,0,0,0,357.89,494.28,-260.74,233.54,591.43,591.43,2.1E+11
300-0424-351,500-0012-000,105515018,US GOVT CAMP BULLIS,,5100 CAMP BULLIS RD #9,,6/30/2021,7/29/2021,5/29/2021,6/28/2021,6582619,,,,,,,,General Service PL,,,22540,,,,,,,,31,2915,6,6,310.61,27.87,61.71,,,,,,,,,,,,,,,,0,0,0,,,,,,,0,0,0,310.61,577.19,-308.98,268.21,578.82,578.82,2.1E+11
300-0424-355,500-0012-000,105515018,US GOVT CAMP BULLIS,,5100 CAMP BULLIS RD #1,,6/30/2021,7/29/2021,5/29/2021,6/28/2021,8048158,,,,,,,,General Service PL,,,,,,,,,,,,,0,0,8.75,,,,,,,,,,,,,,,,,,,,0,,,,,,,0,0,0,8.75,17.5,-8.75,8.75,17.5,17.5,2.1E+11
300-0424-358,500-0012-000,105515018,US GOVT CAMP BULLIS,,5100 CAMP BULLIS RD #WEL,,6/30/2021,7/29/2021,5/29/2021,6/28/2021,8097705,,,,,,,,General Service PL,,,,,,,,,,,,,,,8.75,,,,,,,,,,,,,,,,,,,,0,,,,,,,0,0,0,8.75,17.5,-8.75,8.75,17.5,17.5,2.1E+11
300-0424-366,500-0012-000,105515018,US GOVT CAMP BULLIS,,5257 CAMP BULLIS RD,,6/30/2021,7/29/2021,5/29/2021,6/28/2021,8048124,,,,,,,,General Service PL,,,,,,,,,,,,,0,0,8.75,,,,,,,,,,,,,,,,,,,,0,,,,,,,0,0,0,8.75,-105.29,-8.75,-114.04,-105.29,-105.29,2.1E+11
300-1401-926,500-0012-000,105515018,US GOVT CAMP BULLIS,,887 CMPB-DUTY,,6/30/2021,7/29/2021,5/29/2021,6/28/2021,6301660,,,,,,,,General Service PL,,,24574,,,,,,,,31,24,0,0,11.22,0.23,0.51,,,,,,,,,,,,,,,,0,0,0,,,,,,,0,0,0,11.22,23.32,-11.93,11.39,22.61,22.61,2.1E+11
300-1401-938,500-0012-000,105515018,US GOVT CAMP BULLIS,,888 CMPB-WILKERSON RD,,6/30/2021,7/29/2021,5/29/2021,6/28/2021,6162306,,,,,,,,General Service PL,,,86046,,,,,,,,31,26,0,0,11.42,0.25,0.55,,,,,,,,,,,,,,,,0,0,0,,,,,,,0,0,0,11.42,214.91,-166.03,48.88,60.3,60.3,2.1E+11
300-1401-942,500-0012-000,105515018,US GOVT CAMP BULLIS,,1120 CMPB-ALL AMERICAN,,6/30/2021,7/29/2021,5/29/2021,6/28/2021,6301869,,,,,,,,General Service PL,,,38830,,,,,,,,31,601,9,9,70.45,5.75,12.72,,,,,,,,,,,,,,,,0,0,0,,,,,,,0,0,0,70.45,85.95,-50.56,35.39,105.84,105.84,2.1E+11
300-1401-946,500-0012-000,105515018,US GOVT CAMP BULLIS,,1150 CMPB-ALL AMERICAN,,6/30/2021,7/29/2021,5/29/2021,6/28/2021,6533879,,,,,,,,General Service PL,,,14584,,,,,,,,31,105,10,10,28.75,,,,,,,,,,,,,,,,,,0,0,0,,,,,,,0,0,0,28.75,92.1,-71.35,20.75,49.5,49.5,2.1E+11
300-1401-966,500-0012-000,105515018,US GOVT CAMP BULLIS,,5000 CMPB NW MILITARY HWY,,6/30/2021,7/29/2021,5/29/2021,6/28/2021,6533870,,,,,,,,General Service PL,,,37287,,,,,,,,31,3921,14,14,456.76,37.48,83.01,,,,,,,,,,,,,,,,0,0,0,,,,,,,0,0,0,456.76,727.75,-364.47,363.28,820.04,820.04,2.1E+11
300-1401-968,500-0012-000,105515018,US GOVT CAMP BULLIS,,5010 CMPB-NW MILITARY HWY,,6/30/2021,7/29/2021,5/29/2021,6/28/2021,6533871,,,,,,,,General Service PL,,,3291,,,,,,,,31,20981,39,39,2078.69,200.58,444.17,,,,,,,,,,,,,,,,0,0,0,,,,,,,0,0,0,2078.69,3963.62,-1934.74,2028.88,4107.57,4107.57,2.1E+11
300-1401-971,500-0012-000,105515018,US GOVT CAMP BULLIS,,5020 CMPB-NW MILITARY HWY #1,,6/30/2021,7/29/2021,5/29/2021,6/28/2021,6463133,,,,,,,,General Service PL,,,4113,,,,,,,,31,7040,16,16,733.39,67.3,149.04,,,,,,,,,,,,,,,,0,0,0,,,,,,,0,0,0,733.39,1115.8,-529.62,586.18,1319.57,1319.57,2.1E+11
300-1401-974,500-0012-000,105515018,US GOVT CAMP BULLIS,,5050 CMPB-WILKERSON RD,,6/30/2021,7/29/2021,5/29/2021,6/28/2021,6463137,,,,,,,,General Service PL,,,3703,,,,,,,,31,11400,30,30,1206.81,108.98,241.34,,,,,,,,,,,,,,,,0,0,0,,,,,,,0,0,0,1206.81,2059.48,-1113.68,945.8,2152.61,2152.61,2.1E+11
300-1401-979,500-0012-000,105515018,US GOVT CAMP BULLIS,,5101 CMPB-NW MILITARY HWY,,6/30/2021,7/29/2021,5/29/2021,6/28/2021,6533875,,,,,,,,General Service PL,,,30182,,,,,,,,31,2945,18,18,357.43,28.15,62.35,,,,,,,,,,,,,,,,0,0,0,,,,,,,0,0,0,357.43,489.65,-224.18,265.47,622.9,622.9,2.1E+11
300-1401-981,500-0012-000,105515018,US GOVT CAMP BULLIS,,5105 CMPB-NW MILITARY HWY,,6/30/2021,7/29/2021,5/29/2021,6/28/2021,6463132,,,,,,,,General Service PL,,,4537,,,,,,,,31,9680,35,35,1101.5,92.54,204.93,,,,,,,,,,,,,,,,0,0,0,,,,,,,0,0,0,1101.5,1857.45,-990.62,866.83,1968.33,1968.33,2.1E+11
300-1402-081,500-0012-000,105515018,US GOVT CAMP BULLIS,,5108 CMPB-NW MILITARY HWY #TL,,6/30/2021,7/29/2021,5/29/2021,6/28/2021,6301649,,,,,,,,General Service PL,,,1711,,,,,,,,,,0,0,8.75,,,,,,,,,,,,,,,,,,,,0,,,,,,,0,0,0,8.75,-98.82,-8.75,-107.57,-98.82,-98.82,2.1E+11
300-1402-085,500-0012-000,105515018,US GOVT CAMP BULLIS,,5110 CMPB-NW MILITARY HWY,,6/30/2021,7/29/2021,5/29/2021,6/28/2021,6301648,,,,,,,,General Service PL,,,713,,,,,,,,31,12,0,0,9.97,0.11,0.25,,,,,,,,,,,,,,,,0,0,0,,,,,,,0,0,0,9.97,-74.48,-10.16,-84.64,-74.67,-74.67,2.1E+11
300-1402-094,500-0012-000,105515018,US GOVT CAMP BULLIS,,5113 CMPB-WILKERSON RD,,6/30/2021,7/29/2021,5/29/2021,6/28/2021,6533878,,,,,,,,General Service PL,,,47540,,,,,,,,31,101,0,0,19.12,0.97,2.14,,,,,,,,,,,,,,,,0,0,0,,,,,,,0,0,0,19.12,46.2,-23.09,23.11,42.23,42.23,2.1E+11
300-1402-503,500-0012-000,105515018,US GOVT CAMP BULLIS,,5115 CMPB-WILKERSON RD,,6/30/2021,7/29/2021,5/29/2021,6/28/2021,6533877,,,,,,,,General Service PL,,,56139,,,,,,,,31,2331,8,8,277.18,22.28,49.35,,,,,,,,,,,,,,,,0,0,0,,,,,,,0,0,0,277.18,323.51,-138.79,184.72,461.9,461.9,2.1E+11
300-1402-505,500-0012-000,105515018,US GOVT CAMP BULLIS,,5116 CMPB-WILKERSON RD #1,,6/30/2021,7/29/2021,5/29/2021,6/28/2021,6533876,,,,,,,,General Service PL,,,11365,,,,,,,,31,2872,11,11,345.71,27.46,60.8,,,,,,,,,,,,,,,,0,0,0,,,,,,,0,0,0,345.71,480.71,-218.34,262.37,608.08,608.08,2.1E+11
300-1402-507,500-0012-000,105515018,US GOVT CAMP BULLIS,,5117 CMPB-WILKERSON RD,,7/1/2021,7/29/2021,5/29/2021,6/28/2021,8058590,,,,,,,,General Service PL,,,40703,,,,,,,,31,2755,10,10,328.17,26.34,58.32,,,,,,,,,,,,,,,,0,0,0,,,,,,,0,0,0,328.17,175.5,-203.41,-27.91,300.26,300.26,907853016
300-1402-514,500-0012-000,105515018,US GOVT CAMP BULLIS,,5120 CMPB-WILKERSON RD,,6/30/2021,7/29/2021,5/29/2021,6/28/2021,6246570,,,,,,,,General Service PL,,,3462,,,,,,,,31,17,0,0,10.49,0.16,0.36,,,,,,,,,,,,,,,,0,0,0,,,,,,,0,0,0,10.49,21.88,-11.16,10.72,21.21,21.21,2.1E+11
300-1402-530,500-0012-000,105515018,US GOVT CAMP BULLIS,,5124 CMPB-WILKERSON RD,,6/30/2021,7/29/2021,5/29/2021,6/28/2021,6463127,,,,,,,,General Service PL,,,1761,,,,,,,,31,2480,6,6,274.18,23.71,52.5,,,,,,,,,,,,,,,,0,0,0,,,,,,,0,0,0,274.18,440.78,-212.96,227.82,502,502,2.1E+11
300-1402-536,500-0012-000,105515018,US GOVT CAMP BULLIS,,5132 CMPB-WILKERSON RD,,6/30/2021,7/29/2021,5/29/2021,6/28/2021,6463129,,,,,,,,General Service PL,,,1215,,,,,,,,31,4200,17,17,503.33,40.15,88.91,,,,,,,,,,,,,,,,0,0,0,,,,,,,0,0,0,503.33,786.67,-425,361.67,865,865,2.1E+11
300-1402-541,500-0012-000,105515018,US GOVT CAMP BULLIS,,5204 CMPB-DUTY,,6/30/2021,7/29/2021,5/29/2021,6/28/2021,6191965,,,,,,,,General Service PL,,,41600,,,,,,,,31,581,10,10,68.37,5.55,12.3,,,,,,,,,,,,,,,,0,0,0,,,,,,,0,0,0,68.37,127.7,-59.53,68.17,136.54,136.54,2.1E+11
300-1402-543,500-0012-000,105515018,US GOVT CAMP BULLIS,,5219 CMPB-DUTY #1,,6/30/2021,7/29/2021,5/29/2021,6/28/2021,6301682,,,,,,,,General Service PL,,,32606,,,,,,,,31,2713,17,17,329.02,25.94,57.43,,,,,,,,,,,,,,,,0,0,0,,,,,,,0,0,0,329.02,240.64,-113.23,127.41,456.43,456.43,2.1E+11
300-1402-577,500-0012-000,105515018,US GOVT CAMP BULLIS,,5235 CMPB-DUTY,,6/30/2021,7/29/2021,5/29/2021,6/28/2021,6301662,,,,,,,,General Service PL,,,16840,,,,,,,,31,200,1,1,29.27,1.91,4.23,,,,,,,,,,,,,,,,0,0,0,,,,,,,0,0,0,29.27,-1.74,-32.72,-34.46,-5.19,-5.19,2.1E+11
300-1402-780,500-0012-000,105515018,US GOVT CAMP BULLIS,,5237 CMPB-DUTY,,6/30/2021,7/29/2021,5/29/2021,6/28/2021,6142011,,,,,,,,General Service PL,,,4315,,,,,,,,31,3760,20,20,457.21,35.95,79.6,,,,,,,,,,,,,,,,0,0,0,,,,,,,0,0,0,457.21,541.18,-189.07,352.11,809.32,809.32,2.1E+11
300-1405-304,500-0012-000,105515018,US GOVT CAMP BULLIS,,5252 CMPB-DUTY,,6/30/2021,7/29/2021,5/29/2021,6/28/2021,6301661,,,,,,,,General Service PL,,,69350,,,,,,,,31,2113,22,22,255.56,20.2,44.73,,,,,,,,,,,,,,,,0,0,0,,,,,,,0,0,0,255.56,207.15,-114.43,92.72,348.28,348.28,2.1E+11
300-1405-307,500-0012-000,105515018,US GOVT CAMP BULLIS,,5266 CMPB-DUTY,,6/30/2021,7/29/2021,5/29/2021,6/28/2021,6142010,,,,,,,,General Service PL,,,4190,,,,,,,,31,2240,23,23,271.11,21.41,47.42,,,,,,,,,,,,,,,,0,0,0,,,,,,,0,0,0,271.11,349.81,-155.63,194.18,465.29,465.29,2.1E+11
300-1405-318,500-0012-000,105515018,US GOVT CAMP BULLIS,,5283 CMPB-DUTY,,6/30/2021,7/29/2021,5/29/2021,6/28/2021,6301663,,,,,,,,General Service PL,,,90062,,,,,,,,31,494,8,8,59.45,4.72,10.46,,,,,,,,,,,,,,,,0,0,0,,,,,,,0,0,0,59.45,93.32,-44.77,48.55,108,108,2.1E+11
300-1405-320,500-0012-000,105515018,US GOVT CAMP BULLIS,,5296 CMPB-DUTY,,6/30/2021,7/29/2021,5/29/2021,6/28/2021,6301868,,,,,,,,General Service PL,,,19979,,,,,,,,31,184,8,8,27.64,1.76,3.9,,,,,,,,,,,,,,,,0,0,0,,,,,,,0,0,0,27.64,36.24,-21.78,14.46,42.1,42.1,2.1E+11
300-1405-322,500-0012-000,105515018,US GOVT CAMP BULLIS,,5298 CMPB-DUTY,,6/30/2021,7/29/2021,5/29/2021,6/28/2021,6301681,,,,,,,,General Service PL,,,25354,,,,,,,,31,95,1,1,18.5,0.91,2.01,,,,,,,,,,,,,,,,0,0,0,,,,,,,0,0,0,18.5,109.73,-60.96,48.77,67.27,67.27,2.1E+11
300-1405-324,500-0012-000,105515018,US GOVT CAMP BULLIS,,5299 CMPB-DUTY,,6/30/2021,7/29/2021,5/29/2021,6/28/2021,6301683,,,,,,,,General Service PL,,,25467,,,,,,,,31,103,5,5,19.32,0.98,2.18,,,,,,,,,,,,,,,,0,0,0,,,,,,,0,0,0,19.32,87.27,-28.75,58.52,77.84,77.84,2.1E+11
300-1405-326,500-0012-000,105515018,US GOVT CAMP BULLIS,,5300 CMPB-DUTY #5300,,6/30/2021,7/29/2021,5/29/2021,6/28/2021,6301644,,,,,,,,General Service PL,,,42704,,,,,,,,31,804,6,6,95.31,7.69,17.02,,,,,,,,,,,,,,,,0,0,0,,,,,,,0,0,0,95.31,59.56,-32.83,26.73,122.04,122.04,2.1E+11
300-1405-327,500-0012-000,105515018,US GOVT CAMP BULLIS,,5311 CMPB-DUTY #5311,,6/30/2021,7/29/2021,5/29/2021,6/28/2021,6301720,,,,,,,,General Service PL,,,83431,,,,,,,,31,3803,30,30,462.48,36.36,80.51,,,,,,,,,,,,,,,,0,0,0,,,,,,,0,0,0,462.48,190.3,-98.42,91.88,554.36,554.36,2.1E+11
300-1405-329,500-0012-000,105515018,US GOVT CAMP BULLIS,,5324 CMPB-DUTY #1,,6/30/2021,7/29/2021,5/29/2021,6/28/2021,6284551,,,,,,,,General Service PL,,,5018,,,,,,,,31,7960,33,33,942,76.1,168.51,,,,,,,,,,,,,,,,0,0,0,,,,,,,0,0,0,942,846.97,-480.51,366.46,1308.46,1308.46,2.1E+11
300-1405-330,500-0012-000,105515018,US GOVT CAMP BULLIS,,5335 CMPB-DUTY #5335,,6/30/2021,7/29/2021,5/29/2021,6/28/2021,6284404,,,,,,,,General Service PL,,,2602,,,,,,,,31,3120,20,20,378.86,29.83,66.05,,,,,,,,,,,,,,,,0,0,0,,,,,,,0,0,0,378.86,430.97,-265.52,165.45,544.31,544.31,2.1E+11
300-1405-331,500-0012-000,105515018,US GOVT CAMP BULLIS,,5344 CMPB-DUTY #5344,,6/30/2021,7/29/2021,5/29/2021,6/28/2021,6345679,,,,,,,,General Service PL,,,64150,,,,,,,,31,5731,25,25,693.45,54.79,121.33,,,,,,,,,,,,,,,,0,0,0,,,,,,,0,0,0,693.45,382.25,-212.96,169.29,862.74,862.74,2.1E+11
300-1405-334,500-0012-000,105515018,US GOVT CAMP BULLIS,,5354 CMPB-DUTY #5354,,6/30/2021,7/29/2021,5/29/2021,6/28/2021,6301722,,,,,,,,General Service PL,,,65231,,,,,,,,31,2500,15,15,302.95,23.9,52.93,,,,,,,,,,,,,,,,0,0,0,,,,,,,0,0,0,302.95,67.56,-35.34,32.22,335.17,335.17,2.1E+11
300-1405-335,500-0012-000,105515018,US GOVT CAMP BULLIS,,5358 CMPB-DUTY #5358,,6/30/2021,7/29/2021,5/29/2021,6/28/2021,6191994,,,,,,,,General Service PL,,,70072,,,,,,,,31,1383,7,7,166.19,13.22,29.28,,,,,,,,,,,,,,,,0,0,0,,,,,,,0,0,0,166.19,155.6,-82.06,73.54,239.73,239.73,2.1E+11
300-1405-337,500-0012-000,105515018,US GOVT CAMP BULLIS,,5367 CMPB-DUTY #5367,,6/30/2021,7/29/2021,5/29/2021,6/28/2021,8027816,,,,,,,,General Service PL,,,95424,,,,,,,,31,5062,9,9,513.59,48.39,107.16,,,,,,,,,,,,,,,,0,0,0,,,,,,,0,0,0,513.59,879.48,-461.57,417.91,931.5,931.5,2.1E+11
300-1405-338,500-0012-000,105515018,US GOVT CAMP BULLIS,,5380 CMPB-DUTY #5380,,6/30/2021,7/29/2021,5/29/2021,6/28/2021,6301721,,,,,,,,General Service PL,,,16914,,,,,,,,31,35,0,0,12.34,0.33,0.74,,,,,,,,,,,,,,,,0,0,0,,,,,,,0,0,0,12.34,46.02,-25.27,20.75,33.09,33.09,2.1E+11
300-1405-342,500-0012-000,105515018,US GOVT CAMP BULLIS,,5382 CMPB-DUTY #5382,,6/30/2021,7/29/2021,5/29/2021,6/28/2021,6301646,,,,,,,,General Service PL,,,25066,,,,,,,,31,746,12,12,88.2,7.13,15.79,,,,,,,,,,,,,,,,0,0,0,,,,,,,0,0,0,88.2,82.34,-50.67,31.67,119.87,119.87,2.1E+11
300-1405-346,500-0012-000,105515018,US GOVT CAMP BULLIS,,5384 CMPB-DUTY #5384,,6/30/2021,7/29/2021,5/29/2021,6/28/2021,6301647,,,,,,,,General Service PL,,,18303,,,,,,,,31,213,7,7,30.61,2.04,4.51,,,,,,,,,,,,,,,,0,0,0,,,,,,,0,0,0,30.61,68.18,-50.44,17.74,48.35,48.35,2.1E+11
300-1405-352,500-0012-000,105515018,US GOVT CAMP BULLIS,,5390 CMPB-DUTY,,6/30/2021,7/29/2021,5/29/2021,6/28/2021,6301645,,,,,,,,General Service PL,,,59468,,,,,,,,31,371,12,12,46.82,3.55,7.85,,,,,,,,,,,,,,,,0,0,0,,,,,,,0,0,0,46.82,81.5,-40.75,40.75,87.57,87.57,2.1E+11
300-1405-765,500-0012-000,105515018,US GOVT CAMP BULLIS,,6120 CMPB-MCWILLIAMS RD #2,,6/30/2021,7/29/2021,5/29/2021,6/28/2021,6283700,,,,,,,,General Service PL,,,1121,,,,,,,,31,2340,4,4,254.72,22.37,49.54,,,,,,,,,,,,,,,,0,0,0,,,,,,,0,0,0,254.72,460.11,-222.58,237.53,492.25,492.25,2.1E+11
300-1405-771,500-0012-000,105515018,US GOVT CAMP BULLIS,,6125 CMPB-MCWILLIAMS RD,,6/30/2021,7/29/2021,5/29/2021,6/28/2021,6533862,,,,,,,,General Service PL,,,,,,,,,,,,,0,0,8.75,,,,,,,,,,,,,,,,,,,,0,,,,,,,0,0,0,8.75,-55.69,-8.75,-64.44,-55.69,-55.69,2.1E+11
300-1405-774,500-0012-000,105515018,US GOVT CAMP BULLIS,,6130 CMPB-MARNE RD #1,,6/30/2021,7/29/2021,5/29/2021,6/28/2021,6533881,,,,,,,,General Service PL,,,51933,,,,,,,,31,19614,40,40,1971.97,187.51,415.23,,,,,,,,,,,,,,,,0,0,0,,,,,,,0,0,0,1971.97,3130.8,-1648.88,1481.92,3453.89,3453.89,2.1E+11
300-1405-779,500-0012-000,105515018,US GOVT CAMP BULLIS,,6130 CMPB-MARNE RD #2,,6/30/2021,7/29/2021,5/29/2021,6/28/2021,6690737,,,,,,,,General Service PL,,,2191,,,,,,,,31,10680,48,48,1285.85,102.1,226.1,,,,,,,,,,,,,,,,0,0,0,,,,,,,0,0,0,1285.85,593.68,-275.07,318.61,1604.46,1604.46,2.1E+11
300-1405-780,500-0012-000,105515018,US GOVT CAMP BULLIS,,6134 CMPB-MARNE RD #1,,6/30/2021,7/29/2021,5/29/2021,6/28/2021,6690736,,,,,,,,General Service PL,,,3397,,,,,,,,31,13440,67,67,1642.33,128.49,284.52,,,,,,,,,,,,,,,,0,0,0,,,,,,,0,0,0,1642.33,1024.14,-418.4,605.74,2248.07,2248.07,2.1E+11
300-1405-787,500-0012-000,105515018,US GOVT CAMP BULLIS,,6138 CMPB-MARNE RD,,6/30/2021,7/29/2021,5/29/2021,6/28/2021,6690735,,,,,,,,General Service PL,,,2566,,,,,,,,31,5040,32,32,613.92,48.18,106.7,,,,,,,,,,,,,,,,0,0,0,,,,,,,0,0,0,613.92,655.84,-298.96,356.88,970.8,970.8,2.1E+11
300-1405-788,500-0012-000,105515018,US GOVT CAMP BULLIS,,6143 CMPB-MARNE RD #1,,6/30/2021,7/29/2021,5/29/2021,6/28/2021,6463154,,,,,,,,General Service PL,,,8528,,,,,,,,31,15680,44,44,1673.54,149.9,331.95,,,,,,,,,,,,,,,,0,0,0,,,,,,,0,0,0,1673.54,2839.21,-1374.28,1464.93,3138.47,3138.47,2.1E+11
300-1405-794,500-0012-000,105515018,US GOVT CAMP BULLIS,,6143 CMPB-MARNE RD #4,,6/30/2021,7/29/2021,5/29/2021,6/28/2021,6690739,,,,,,,,General Service PL,,,7139,,,,,,,,31,37680,116,116,4072.88,360.22,797.69,,,,,,,,,,,,,,,,0,0,0,,,,,,,0,0,0,4072.88,4494.24,-2001.66,2492.58,6565.46,6565.46,2.1E+11
300-1405-795,500-0012-000,105515018,US GOVT CAMP BULLIS,,6143 CMPB-MARNE RD #5,,6/30/2021,7/29/2021,5/29/2021,6/28/2021,6690738,,,,,,,,General Service PL,,,6687,,,,,,,,31,23640,77,77,2595.45,226,500.46,,,,,,,,,,,,,,,,0,0,0,,,,,,,0,0,0,2595.45,3061.08,-1135.04,1926.04,4521.49,4521.49,2.1E+11
300-1405-798,500-0012-000,105515018,US GOVT CAMP BULLIS,,6144 CMPB-MARNE RD #WELL,,6/30/2021,7/29/2021,5/29/2021,6/28/2021,6301872,,,,,,,,General Service PL,,,5851,,,,,,,,31,88,0,0,17.78,0.84,1.86,,,,,,,,,,,,,,,,0,0,0,,,,,,,0,0,0,17.78,37.1,-19.48,17.62,35.4,35.4,2.1E+11
300-1405-815,500-0012-000,105515018,US GOVT CAMP BULLIS,,5901 CMPB-ALL AMERICAN,,6/30/2021,7/29/2021,5/29/2021,6/28/2021,6246716,,,,,,,,General Service PL,,,17406,,,,,,,,31,210,2,2,30.31,2.01,4.45,,,,,,,,,,,,,,,,0,0,0,,,,,,,0,0,0,30.31,-330.42,-34.14,-364.56,-334.25,-334.25,2.1E+11
300-1405-816,500-0012-000,105515018,US GOVT CAMP BULLIS,,5902 CMPB-ALL AMERICAN,,6/30/2021,7/29/2021,5/29/2021,6/28/2021,6246718,,,,,,,,General Service PL,,,76992,,,,,,,,31,1495,5,5,179.9,14.29,31.65,,,,,,,,,,,,,,,,0,0,0,,,,,,,0,0,0,179.9,247.34,-122.67,124.67,304.57,304.57,2.1E+11
300-1405-819,500-0012-000,105515018,US GOVT CAMP BULLIS,,5903 CMPB-ALL AMERICAN,,6/30/2021,7/29/2021,5/29/2021,6/28/2021,6301925,,,,,,,,General Service PL,,,,,,,,,,,,,0,0,8.75,,,,,,,,,,,,,,,,,,,,0,,,,,,,0,0,0,8.75,-74.04,-8.75,-82.79,-74.04,-74.04,2.1E+11
300-1405-823,500-0012-000,105515018,US GOVT CAMP BULLIS,,5904 CMPB-ALL AMERICAN,,6/30/2021,7/29/2021,5/29/2021,6/28/2021,6301926,,,,,,,,General Service PL,,,17365,,,,,,,,31,145,4,4,23.64,1.39,3.07,,,,,,,,,,,,,,,,0,0,0,,,,,,,0,0,0,23.64,109.73,-58.77,50.96,74.6,74.6,2.1E+11
300-1405-826,500-0012-000,105515018,US GOVT CAMP BULLIS,,5905 CMPB-ALL AMERICAN,,6/30/2021,7/29/2021,5/29/2021,6/28/2021,6301924,,,,,,,,General Service PL,,,,,,,,,,,,,0,0,8.75,,,,,,,,,,,,,,,,,,,,0,,,,,,,0,0,0,8.75,17.5,-8.75,8.75,17.5,17.5,2.1E+11
300-1405-833,500-0012-000,105515018,US GOVT CAMP BULLIS,,5906 CMPB-ALL AMERICAN,,6/30/2021,7/29/2021,5/29/2021,6/28/2021,6301927,,,,,,,,General Service PL,,,,,,,,,,,,,0,0,8.75,,,,,,,,,,,,,,,,,,,,0,,,,,,,0,0,0,8.75,-81.84,-8.75,-90.59,-81.84,-81.84,2.1E+11
300-1405-834,500-0012-000,105515018,US GOVT CAMP BULLIS,,5907 CMPB-ALL AMERICAN,,6/30/2021,7/29/2021,5/29/2021,6/28/2021,6246715,,,,,,,,General Service PL,,,,,,,,,,,,,0,0,8.75,,,,,,,,,,,,,,,,,,,,0,,,,,,,0,0,0,8.75,-81.94,-8.75,-90.69,-81.94,-81.94,2.1E+11
300-1405-839,500-0012-000,105515018,US GOVT CAMP BULLIS,,5920 CMPB-WILKERSON RD #1,,7/1/2021,7/29/2021,5/29/2021,6/28/2021,6283702,,,,,,,,General Service PL,,,18200,,,,,,,,31,65376,92,92,6206.09,624.99,"1,384.01",,,,,,,,,,,,,,,,0,0,0,,,,,,,0,0,0,6206.09,7076.42,-6512.56,563.86,6769.95,6769.95,1002588367
300-1405-841,500-0012-000,105515018,US GOVT CAMP BULLIS,,5920 CMPB-WILKERSON RD #2,,6/30/2021,7/29/2021,5/29/2021,6/28/2021,8103450,,,,,,,,General Service PL,,,10785,,,,,,,,31,508,1,1,60.89,4.86,10.75,,,,,,,,,,,,,,,,0,0,0,,,,,,,0,0,0,60.89,88.81,-46.95,41.86,102.75,102.75,2.1E+11
300-1405-849,500-0012-000,105515018,US GOVT CAMP BULLIS,,5925 CMPB-WILDERNESS RD #2,,6/30/2021,7/29/2021,5/29/2021,6/28/2021,6690742,,,,,,,,General Service PL,,,651,,,,,,,,31,288,0,0,38.31,2.75,6.1,,,,,,,,,,,,,,,,0,0,0,,,,,,,0,0,0,38.31,914.05,-368.75,545.3,583.61,583.61,2.1E+11
300-1405-851,500-0012-000,105515018,US GOVT CAMP BULLIS,,6000 CMPB-ALL AMERICAN,,6/30/2021,7/29/2021,5/29/2021,6/28/2021,6463139,,,,,,,,General Service PL,,,1411,,,,,,,,31,3040,12,12,367.51,29.06,64.36,,,,,,,,,,,,,,,,0,0,0,,,,,,,0,0,0,367.51,311.57,-126.97,184.6,552.11,552.11,2.1E+11
300-1406-001,500-0012-000,105515018,US GOVT CAMP BULLIS,,6000 CMPB-ALL AMERICAN #PLT,,6/30/2021,7/29/2021,5/29/2021,6/28/2021,6302568,,,,,,,,General Service PL,,,6445,,,,,,,,31,86,,,17.57,0.82,1.82,,,,,,,,,,,,,,,,0,0,0,,,,,,,0,0,0,17.57,-41.57,-20.57,-62.14,-44.57,-44.57,2.1E+11
300-1406-006,500-0012-000,105515018,US GOVT CAMP BULLIS,,6088 CMPB-LAURIN HILL RD,,6/30/2021,7/29/2021,5/29/2021,6/28/2021,6301671,,,,,,,,General Service PL,,,17921,,,,,,,,31,413,1,1,51.13,3.95,8.74,,,,,,,,,,,,,,,,0,0,0,,,,,,,0,0,0,51.13,76.48,-41.37,35.11,86.24,86.24,2.1E+11
300-1406-008,500-0012-000,105515018,US GOVT CAMP BULLIS,,6104 CMPB-BULLIS RD,,6/30/2021,7/29/2021,5/29/2021,6/28/2021,6463144,,,,,,,,General Service PL,,,3692,,,,,,,,31,11640,30,30,1226.91,111.28,246.42,,,,,,,,,,,,,,,,0,0,0,,,,,,,0,0,0,1226.91,2427.07,-1308.4,1118.67,2345.58,2345.58,2.1E+11
300-1406-009,500-0012-000,105515018,US GOVT CAMP BULLIS,,6104 CMPB-BULLIS RD,,6/30/2021,7/29/2021,5/29/2021,6/28/2021,6301914,,,,,,,,General Service PL,,,12406,,,,,,,,31,175,1,1,26.7,1.67,3.7,,,,,,,,,,,,,,,,0,0,0,,,,,,,0,0,0,26.7,60.65,-32.49,28.16,54.86,54.86,2.1E+11
300-1406-021,500-0012-000,105515018,US GOVT CAMP BULLIS,,6105 CMPB-BULLIS RD #1,,6/30/2021,7/29/2021,5/29/2021,6/28/2021,8027817,,,,,,,,General Service PL,,,,,,,,,,,,,0,0,8.75,,,,,,,,,,,,,,,,,,,,0,,,,,,,0,0,0,8.75,-105,-8.75,-113.75,-105,-105,2.1E+11
300-1406-022,500-0012-000,105515018,US GOVT CAMP BULLIS,,6105 CMPB-BULLIS RD #2,,6/30/2021,7/29/2021,5/29/2021,6/28/2021,8027818,,,,,,,,General Service PL,,,,,,,,,,,,,0,0,8.75,,,,,,,,,,,,,,,,,,,,0,,,,,,,0,0,0,8.75,-102.97,-8.75,-111.72,-102.97,-102.97,2.1E+11
300-1406-026,500-0012-000,105515018,US GOVT CAMP BULLIS,,6107 CMPB-BULLIS RD,,6/30/2021,7/29/2021,5/29/2021,6/28/2021,6463147,,,,,,,,General Service PL,,,3991,,,,,,,,31,6400,17,17,687.54,61.18,135.49,,,,,,,,,,,,,,,,0,0,0,,,,,,,0,0,0,687.54,847.13,-384.96,462.17,1149.71,1149.71,2.1E+11
300-1406-027,500-0012-000,105515018,US GOVT CAMP BULLIS,,6110 CMPB-BULLIS RD #1,,6/30/2021,7/29/2021,5/29/2021,6/28/2021,6301715,,,,,,,,General Service PL,,,93084,,,,,,,,31,2928,8,8,327.17,27.99,61.99,,,,,,,,,,,,,,,,0,0,0,,,,,,,0,0,0,327.17,567.9,-309.93,257.97,585.14,585.14,2.1E+11
300-1406-029,500-0012-000,105515018,US GOVT CAMP BULLIS,,6111 CMPB-BULLIS RD,,6/30/2021,7/29/2021,5/29/2021,6/28/2021,6301650,,,,,,,,General Service PL,,,322,,,,,,,,,,0,0,8.75,,,,,,,,,,,,,,,,,,,,0,,,,,,,0,0,0,8.75,-105,-8.75,-113.75,-105,-105,2.1E+11
300-1406-031,500-0012-000,105515018,US GOVT CAMP BULLIS,,6118 CMPB-MARNE RD #SLS,,6/30/2021,7/29/2021,5/29/2021,6/28/2021,6283913,,,,,,,,General Service PL,,,47013,,,,,,,,31,888,4,4,105.59,8.49,18.8,,,,,,,,,,,,,,,,0,0,0,,,,,,,0,0,0,105.59,232,-131.74,100.26,205.85,205.85,2.1E+11
300-1406-032,500-0012-000,105515018,US GOVT CAMP BULLIS,,6120 CMPB-MCWILLIAMS RD #4,,6/30/2021,7/29/2021,5/29/2021,6/28/2021,6690751,,,,,,,,General Service PL,,,6608,,,,,,,,31,11520,25,25,1178.16,110.13,243.88,,,,,,,,,,,,,,,,0,0,0,,,,,,,0,0,0,1178.16,1791.37,-776.97,1014.4,2192.56,2192.56,2.1E+11
300-1406-034,500-0012-000,105515018,US GOVT CAMP BULLIS,,6120 CMPB-MCWILLIAMS RD #1,,6/30/2021,7/29/2021,5/29/2021,6/28/2021,6626254,,,,,,,,Large Lighting and Power,,,20897,,,,,,,,31,116800,204,204,10511.08,"1,072.22","2,472.66",,,,,,,,,,,,,,,,0,0,0,,,,,,,0,0,0,10511.08,18304.66,-9442.84,8861.82,19372.9,19372.9,2.1E+11
300-1406-295,500-0012-000,105515018,US GOVT CAMP BULLIS,,6249 CMPB-EAGLES NEST TRL,,6/30/2021,7/29/2021,5/29/2021,6/28/2021,8048243,,,,,,,,General Service PL,,,3288,,,,,,,,31,199,1,1,29.17,1.9,4.21,,,,,,,,,,,,,,,,0,0,0,,,,,,,0,0,0,29.17,40.4,-20.57,19.83,49,49,2.1E+11
300-1406-299,500-0012-000,105515018,US GOVT CAMP BULLIS,,6250 CMPB-WILDERNESS TRL #2,,6/30/2021,7/29/2021,5/29/2021,6/28/2021,8103451,,,,,,,,General Service PL,,,108,,,,,,,,31,0,0,0,8.75,,,,,,,,,,,,,,,,,,0,0,0,,,,,,,0,0,0,8.75,17.5,-8.75,8.75,17.5,17.5,2.1E+11
300-1406-501,500-0012-000,105515018,US GOVT CAMP BULLIS,,6149 CMPB-BLACK JACK VILLAGE #WELL,,6/30/2021,7/29/2021,5/29/2021,6/28/2021,6533882,,,,,,,,General Service PL,,,40680,,,,,,,,31,680,2,2,80.12,6.5,14.4,,,,,,,,,,,,,,,,0,0,0,,,,,,,0,0,0,80.12,215.28,-120.05,95.23,175.35,175.35,2.1E+11
300-1406-502,500-0012-000,105515018,US GOVT CAMP BULLIS,,6201 CMPB-BULLIS RD,,6/30/2021,7/29/2021,5/29/2021,6/28/2021,6301704,,,,,,,,General Service PL,,,11973,,,,,,,,31,2173,9,9,262.91,20.77,46,,,,,,,,,,,,,,,,0,0,0,,,,,,,0,0,0,262.91,279.15,-125.42,153.73,416.64,416.64,2.1E+11
300-1406-504,500-0012-000,105515018,US GOVT CAMP BULLIS,,6208 CMPB-BULLIS RD #1,,6/30/2021,7/29/2021,5/29/2021,6/28/2021,6207045,,,,,,,,General Service PL,,,99,,,,,,,,31,480,1,1,58.01,4.59,10.16,,,,,,,,,,,,,,,,0,0,0,,,,,,,0,0,0,58.01,177.64,-88.75,88.89,146.9,146.9,2.1E+11
300-1406-509,500-0012-000,105515018,US GOVT CAMP BULLIS,,6215 CMPB-NEW LEWIS VALLEY RD #1,,6/30/2021,7/29/2021,5/29/2021,6/28/2021,6301714,,,,,,,,General Service PL,,,84890,,,,,,,,31,3751,8,8,396.08,35.86,79.41,,,,,,,,,,,,,,,,0,0,0,,,,,,,0,0,0,396.08,540.06,-212.96,327.1,723.18,723.18,2.1E+11
300-1406-511,500-0012-000,105515018,US GOVT CAMP BULLIS,,6215 CMPB-NEW LEWIS VALLEY RD #2,,6/30/2021,7/29/2021,5/29/2021,6/28/2021,6301706,,,,,,,,General Service PL,,,598,,,,,,,,31,12,1,1,9.97,0.11,0.25,,,,,,,,,,,,,,,,0,0,0,,,,,,,0,0,0,9.97,-108.14,-9.85,-117.99,-108.02,-108.02,2.1E+11
300-1406-512,500-0012-000,105515018,US GOVT CAMP BULLIS,,6219 CMPB-NEW LEWIS VALLEY RD #WELL,,6/30/2021,7/29/2021,5/29/2021,6/28/2021,6533866,,,,,,,,General Service PL,,,47796,,,,,,,,31,6062,37,37,739.04,57.95,128.33,,,,,,,,,,,,,,,,0,0,0,,,,,,,0,0,0,739.04,1409.07,-826.06,583.01,1322.05,1322.05,2.1E+11
300-1406-516,500-0012-000,105515018,US GOVT CAMP BULLIS,,6219 CMPB-NEW LEWIS VALLEY RD #HM,,6/30/2021,7/29/2021,5/29/2021,6/28/2021,6345460,,,,,,,,General Service PL,,,13246,,,,,,,,31,385,2,2,48.26,3.68,8.15,,,,,,,,,,,,,,,,0,0,0,,,,,,,0,0,0,48.26,101.62,-56.69,44.93,93.19,93.19,2.1E+11
300-1406-518,500-0012-000,105515018,US GOVT CAMP BULLIS,,6225 CMPB-EAGLES NEST TRL #1,,6/30/2021,7/29/2021,5/29/2021,6/28/2021,6301726,,,,,,,,General Service PL,,,11645,,,,,,,,31,51,1,1,13.99,0.49,1.08,,,,,,,,,,,,,,,,0,0,0,,,,,,,0,0,0,13.99,20.68,-10.94,9.74,23.73,23.73,2.1E+11
300-1406-521,500-0012-000,105515018,US GOVT CAMP BULLIS,,6225 CMPB-EAGLES NEST TRL #2,,6/30/2021,7/29/2021,5/29/2021,6/28/2021,6301724,,,,,,,,General Service PL,,,4676,,,,,,,,31,54,2,2,14.29,0.52,1.14,,,,,,,,,,,,,,,,0,0,0,,,,,,,0,0,0,14.29,29.44,-17.29,12.15,26.44,26.44,2.1E+11
300-1406-522,500-0012-000,105515018,US GOVT CAMP BULLIS,,6227 CMPB-EAGLES NEST TRL,,6/30/2021,7/29/2021,5/29/2021,6/28/2021,6301657,,,,,,,,General Service PL,,,32808,,,,,,,,31,44,2,2,13.26,0.42,0.93,,,,,,,,,,,,,,,,0,0,0,,,,,,,0,0,0,13.26,27.9,-16.63,11.27,24.53,24.53,2.1E+11
300-1406-524,500-0012-000,105515018,US GOVT CAMP BULLIS,,6235 CMPB-EAGLES NEST TRL #1,,6/30/2021,7/29/2021,5/29/2021,6/28/2021,6301727,,,,,,,,General Service PL,,,17343,,,,,,,,31,239,4,4,33.27,2.28,5.06,,,,,,,,,,,,,,,,0,0,0,,,,,,,0,0,0,33.27,42.38,-20.35,22.03,55.3,55.3,2.1E+11
300-1406-525,500-0012-000,105515018,US GOVT CAMP BULLIS,,6242 CMPB-EAGLES NEST TRL,,6/30/2021,7/29/2021,5/29/2021,6/28/2021,8103492,,,,,,,,General Service PL,,,,,,,,,,,,,0,0,8.75,,,,,,,,,,,,,,,,,,,,0,,,,,,,0,0,0,8.75,17.5,-8.75,8.75,17.5,17.5,2.1E+11
300-1406-532,500-0012-000,105515018,US GOVT CAMP BULLIS,,6246 CMPB-EAGLES NEST TRL,,6/30/2021,7/29/2021,5/29/2021,6/28/2021,6301707,,,,,,,,General Service PL,,,11844,,,,,,,,31,0,0,0,8.75,,,,,,,,,,,,,,,,,,0,0,0,,,,,,,0,0,0,8.75,18.27,-9.52,8.75,17.5,17.5,2.1E+11
300-1406-701,500-0012-000,105515018,US GOVT CAMP BULLIS,,6251 CMPB-EAGLES NEST TRL,,6/30/2021,7/29/2021,5/29/2021,6/28/2021,6301920,,,,,,,,General Service PL,,,5196,,,,,,,,31,0,0,0,8.75,,,,,,,,,,,,,,,,,,0,0,0,,,,,,,0,0,0,8.75,18.05,-9.19,8.86,17.61,17.61,2.1E+11
300-1406-702,500-0012-000,105515018,US GOVT CAMP BULLIS,,6256 CMPB-EAGLES NEST TRL,,6/30/2021,7/29/2021,5/29/2021,6/28/2021,6301921,,,,,,,,General Service PL,,,25716,,,,,,,,31,641,2,2,75.35,6.13,13.57,,,,,,,,,,,,,,,,0,0,0,,,,,,,0,0,0,75.35,81.16,-49.03,32.13,107.48,107.48,2.1E+11
300-1406-703,500-0012-000,105515018,US GOVT CAMP BULLIS,,6258 CMPB-EAGLES NEST TRL,,6/30/2021,7/29/2021,5/29/2021,6/28/2021,6301923,,,,,,,,General Service PL,,,8243,,,,,,,,31,90,3,3,17.99,0.86,1.91,,,,,,,,,,,,,,,,0,0,0,,,,,,,0,0,0,17.99,30.2,-17.61,12.59,30.58,30.58,2.1E+11
300-1406-705,500-0012-000,105515018,US GOVT CAMP BULLIS,,6264 CMPB-EAGLES NEST TRL #2,,6/30/2021,7/29/2021,5/29/2021,6/28/2021,6301922,,,,,,,,General Service PL,,,25501,,,,,,,,31,343,8,8,43.95,3.28,7.26,,,,,,,,,,,,,,,,0,0,0,,,,,,,0,0,0,43.95,32.75,-20.75,12,55.95,55.95,2.1E+11
300-1406-716,500-0012-000,105515018,US GOVT CAMP BULLIS,,6285 CMPB-WILDERNESS TRL,,6/30/2021,7/29/2021,5/29/2021,6/28/2021,6301659,,,,,,,,General Service PL,,,41262,,,,,,,,31,441,2,2,54.02,4.22,9.34,,,,,,,,,,,,,,,,0,0,0,,,,,,,0,0,0,54.02,75.34,-38.63,36.71,90.73,90.73,2.1E+11
300-1406-718,500-0012-000,105515018,US GOVT CAMP BULLIS,,6290 CMPB-WILDERNESS TRL,,6/30/2021,7/29/2021,5/29/2021,6/28/2021,6301881,,,,,,,,General Service PL,,,714,,,,,,,,31,0,1,1,8.75,,,,,,,,,,,,,,,,,,0,0,0,,,,,,,0,0,0,8.75,17.61,-8.86,8.75,17.5,17.5,2.1E+11
300-1406-719,500-0012-000,105515018,US GOVT CAMP BULLIS,,6291 CMPB-WILDERNESS TRL,,6/30/2021,7/29/2021,5/29/2021,6/28/2021,6301883,,,,,,,,General Service PL,,,3,,,,,,,,,,0,0,8.75,,,,,,,,,,,,,,,,,,,,0,,,,,,,0,0,0,8.75,17.5,-8.75,8.75,17.5,17.5,2.1E+11
300-1406-722,500-0012-000,105515018,US GOVT CAMP BULLIS,,25455 CMPB-MONTERREY RD,,6/30/2021,7/29/2021,5/29/2021,6/28/2021,6626039,,,,,,,,General Service PL,,,712,,,,,,,,31,15000,417,417,1833.32,143.4,317.55,,,,,,,,,,,,,,,,0,0,0,,,,,,,0,0,0,1833.32,3313.5,-1656.75,1656.75,3490.07,3490.07,2.1E+11
300-1406-731,500-0012-000,105515018,US GOVT CAMP BULLIS,,20690 CMPB-WILKERSON RD,,6/30/2021,7/29/2021,5/29/2021,6/28/2021,6301870,,,,,,,,General Service PL,,,85494,,,,,,,,31,444,8,8,54.31,4.24,9.4,,,,,,,,,,,,,,,,0,0,0,,,,,,,0,0,0,54.31,167.82,-94.71,73.11,127.42,127.42,2.1E+11
300-1407-604,500-0012-000,105515018,US GOVT CAMP BULLIS,,5119 CMPB-WILKERSON RD,,6/30/2021,7/29/2021,5/29/2021,6/28/2021,6246567,,,,,,,,General Service PL,,,85,,,,,,,,,,0,0,8.75,,,,,,,,,,,,,,,,,,,,0,,,,,,,0,0,0,8.75,-4.37,-8.75,-13.12,-4.37,-4.37,2.1E+11
300-1407-614,500-0012-000,105515018,US GOVT CAMP BULLIS,,5908 CMPB-ALL AMERICAN,,6/30/2021,7/29/2021,5/29/2021,6/28/2021,6301871,,,,,,,,General Service PL,,,11343,,,,,,,,31,47,0,0,13.57,0.45,0.99,,,,,,,,,,,,,,,,0,0,0,,,,,,,0,0,0,13.57,-20.75,-12.8,-33.55,-19.98,-19.98,2.1E+11
300-1408-106,500-0012-000,105515018,US GOVT CAMP BULLIS,,4999 CMPB-LEWIS VALLEY RD,,6/30/2021,7/29/2021,5/29/2021,6/28/2021,6301651,,,,,,,,General Service PL,,,94,,,,,,,,,,0,0,8.75,,,,,,,,,,,,,,,,,,,,0,,,,,,,0,0,0,8.75,17.5,-8.75,8.75,17.5,17.5,2.1E+11
300-1408-113,500-0012-000,105515018,US GOVT CAMP BULLIS,,5107 CMPB-WILKERSON RD,,6/30/2021,7/29/2021,5/29/2021,6/28/2021,6463131,,,,,,,,General Service PL,,,8342,,,,,,,,31,14400,36,36,1504.44,137.66,304.85,,,,,,,,,,,,,,,,0,0,0,,,,,,,0,0,0,1504.44,2214.55,-1135.04,1079.51,2583.95,2583.95,2.1E+11
300-1408-118,500-0012-000,105515018,US GOVT CAMP BULLIS,,6228 CMPB-BULLIS RD #SLS,,6/30/2021,7/29/2021,5/29/2021,6/28/2021,6533865,,,,,,,,General Service PL,,,2235,,,,,,,,31,36,4,4,12.44,0.34,0.76,,,,,,,,,,,,,,,,0,0,0,,,,,,,0,0,0,12.44,27.9,-12.69,15.21,27.65,27.65,2.1E+11
300-1542-846,500-0012-000,105515018,US GOVT CAMP BULLIS,,26505 CMPB-MIDDLETON RD,,6/30/2021,7/29/2021,5/29/2021,6/28/2021,6143563,,,,,,,,General Service PL,,,140,,,,,,,,31,600,3,3,70.33,5.74,12.7,,,,,,,,,,,,,,,,0,0,0,,,,,,,0,0,0,70.33,-1204.22,-98.3,-1302.52,-1232.19,-1232.19,2.1E+11
300-1577-869,500-0012-000,105515018,US GOVT CAMP BULLIS,,00000 PVT STREET LTS CAMP BULLIS,,7/1/2021,7/29/2021,5/29/2021,6/28/2021,,,,,,,,,Public Streetlighting,,,,,,,,,,,,,,,340.7,1.42,40.03,,,,,,,,,,,,,,,,,,0,,,,,,,0,0,0,340.7,715.84,-360.82,355.02,695.72,695.72,907853017
300-1583-762,500-0012-000,105515018,US GOVT CAMP BULLIS,,3535 CMPB-SEWELL RD #ANSL,,6/29/2021,7/29/2021,5/29/2021,6/28/2021,,,,,,,,,,,,,,,,,,,,,,,,0,,,,,,,,,,,,,,,,,,,,0,,,,,,,0,0,645.6,0,1336.18,-667.76,668.42,1314.02,1314.02,110596532
300-1587-677,500-0012-000,105515018,US GOVT CAMP BULLIS,,00000 ANSL CAMP BULLIS,,6/29/2021,7/29/2021,5/29/2021,6/28/2021,,,,,,,,,,,,,,,,,,,,,,,,0,,,,,,,,,,,,,,,,,,,,0,,,,,,,0,0,906.14,0,1889.28,-944.08,945.2,1851.34,1851.34,110596533
300-1596-169,500-0012-000,105515018,US GOVT CAMP BULLIS,,6005 CMPB-NW MILITARY HWY #3,,6/30/2021,7/29/2021,5/29/2021,6/28/2021,6463141,,,,,,,,General Service PL,,,4528,,,,,,,,31,2760,11,11,334.78,26.39,58.43,,,,,,,,,,,,,,,,0,0,0,,,,,,,0,0,0,334.78,321.12,-141.3,179.82,514.6,514.6,2.1E+11
300-1615-917,500-0012-000,105515018,US GOVT CAMP BULLIS,,6120 CMPB-MCWILLIAMS RD #5,,6/30/2021,7/29/2021,5/29/2021,6/28/2021,6626252,,,,,,,,General Service PL,,,9279,,,,,,,,31,16080,35,35,1637.36,153.72,340.41,,,,,,,,,,,,,,,,0,0,0,,,,,,,0,0,0,1637.36,2742.79,-1412.42,1330.37,2967.73,2967.73,2.1E+11
300-1631-122,500-0012-000,105515018,US GOVT CAMP BULLIS,,6225 CMPB-EAGLES NEST TRL #3,,6/30/2021,7/29/2021,5/29/2021,6/28/2021,6301725,,,,,,,,General Service PL,,,1228,,,,,,,,31,44,0,0,13.26,0.42,0.93,,,,,,,,,,,,,,,,0,0,0,,,,,,,0,0,0,13.26,32.28,-13.45,18.83,32.09,32.09,2.1E+11
300-1659-930,500-0012-000,105515018,US GOVT CAMP BULLIS,,5206 CMPB-DUTY,,6/30/2021,7/29/2021,5/29/2021,6/28/2021,6301680,,,,,,,,General Service PL,,,57674,,,,,,,,31,666,14,14,78.42,6.37,14.1,,,,,,,,,,,,,,,,0,0,0,,,,,,,0,0,0,78.42,174.65,-89.23,85.42,163.84,163.84,2.1E+11
300-1686-559,500-0012-000,105515018,US GOVT CAMP BULLIS,,21400 CMPB-MC WILLIAMS RD,,6/30/2021,7/29/2021,5/29/2021,6/28/2021,6463146,,,,,,,,General Service PL,,,4685,,,,,,,,31,11550,50,50,1374.17,110.42,244.51,,,,,,,,,,,,,,,,0,0,0,,,,,,,0,0,0,1374.17,1440.04,-683.56,756.48,2130.65,2130.65,2.1E+11
300-1687-368,500-0012-000,105515018,US GOVT CAMP BULLIS,,5113 CMPB-WILKERSON RD #PLT,,6/30/2021,7/29/2021,5/29/2021,6/28/2021,6302538,,,,,,,,General Service PL,,,12179,,,,,,,,31,86,,,17.57,0.82,1.82,,,,,,,,,,,,,,,,0,0,0,,,,,,,0,0,0,17.57,-27.12,-20.13,-47.25,-29.68,-29.68,2.1E+11
300-1687-369,500-0012-000,105515018,US GOVT CAMP BULLIS,,5219 CMPB-DUTY #2,,6/30/2021,7/29/2021,5/29/2021,6/28/2021,6533872,,,,,,,,General Service PL,,,12133,,,,,,,,31,0,0,0,8.75,,,,,,,,,,,,,,,,,,0,0,0,,,,,,,0,0,0,8.75,35.34,-26.59,8.75,17.5,17.5,2.1E+11
300-1690-791,500-0012-000,105515018,US GOVT CAMP BULLIS,,3535 CMPB-SEWELL RD #1,,6/30/2021,7/29/2021,5/29/2021,6/28/2021,6284419,,,,,,,,General Service PL,,,1966,,,,,,,,31,3040,10,10,352.03,29.06,64.36,,,,,,,,,,,,,,,,0,0,0,,,,,,,0,0,0,352.03,349.81,-155.63,194.18,546.21,546.21,2.1E+11
300-1690-793,500-0012-000,105515018,US GOVT CAMP BULLIS,,3535 CMPB-SEWELL RD #2,,6/30/2021,7/29/2021,5/29/2021,6/28/2021,6246724,,,,,,,,General Service PL,,,1429,,,,,,,,31,13,0,0,10.08,0.12,0.28,,,,,,,,,,,,,,,,0,0,0,,,,,,,0,0,0,10.08,20.24,-10.28,9.96,20.04,20.04,2.1E+11
300-1690-794,500-0012-000,105515018,US GOVT CAMP BULLIS,,3535 CMPB-SEWELL RD #3,,6/30/2021,7/29/2021,5/29/2021,6/28/2021,6246725,,,,,,,,General Service PL,,,12390,,,,,,,,31,81,1,1,17.05,0.77,1.71,,,,,,,,,,,,,,,,0,0,0,,,,,,,0,0,0,17.05,68.88,-33.93,34.95,52,52,2.1E+11
300-1690-796,500-0012-000,105515018,US GOVT CAMP BULLIS,,3535 CMPB-SEWELL RD #4,,6/30/2021,7/29/2021,5/29/2021,6/28/2021,6246726,,,,,,,,General Service PL,,,12071,,,,,,,,31,180,0,0,27.22,1.72,3.81,,,,,,,,,,,,,,,,0,0,0,,,,,,,0,0,0,27.22,51.13,-26.26,24.87,52.09,52.09,2.1E+11
300-1690-797,500-0012-000,105515018,US GOVT CAMP BULLIS,,3535 CMPB-SEWELL RD #5,,6/30/2021,7/29/2021,5/29/2021,6/28/2021,6301708,,,,,,,,General Service PL,,,36736,,,,,,,,31,96,1,1,18.6,0.92,2.03,,,,,,,,,,,,,,,,0,0,0,,,,,,,0,0,0,18.6,33.93,-21.78,12.15,30.75,30.75,2.1E+11
300-1690-798,500-0012-000,105515018,US GOVT CAMP BULLIS,,3535 CMPB-SEWELL RD #6,,6/30/2021,7/29/2021,5/29/2021,6/28/2021,6301710,,,,,,,,General Service PL,,,43761,,,,,,,,31,195,2,2,28.76,1.86,4.13,,,,,,,,,,,,,,,,0,0,0,,,,,,,0,0,0,28.76,44.75,-31.84,12.91,41.67,41.67,2.1E+11
300-1691-300,500-0012-000,105515018,US GOVT CAMP BULLIS,,3535 CMPB-SEWELL RD #7,,6/30/2021,7/29/2021,5/29/2021,6/28/2021,6301711,,,,,,,,General Service PL,,,17807,,,,,,,,31,55,1,1,14.39,0.53,1.16,,,,,,,,,,,,,,,,0,0,0,,,,,,,0,0,0,14.39,28.45,-19.7,8.75,23.14,23.14,2.1E+11
300-1691-302,500-0012-000,105515018,US GOVT CAMP BULLIS,,3535 CMPB-SEWELL RD #8,,6/30/2021,7/29/2021,5/29/2021,6/28/2021,6301709,,,,,,,,General Service PL,,,1860,,,,,,,,31,20,0,0,10.8,0.19,0.42,,,,,,,,,,,,,,,,0,0,0,,,,,,,0,0,0,10.8,22.43,-11.49,10.94,21.74,21.74,2.1E+11
300-1691-303,500-0012-000,105515018,US GOVT CAMP BULLIS,,3535 CMPB-SEWELL RD #9,,6/30/2021,7/29/2021,5/29/2021,6/28/2021,6301640,,,,,,,,General Service PL,,,752,,,,,,,,31,1,0,0,8.85,0.01,0.02,,,,,,,,,,,,,,,,0,0,0,,,,,,,0,0,0,8.85,17.61,-8.86,8.75,17.6,17.6,2.1E+11
300-1691-305,500-0012-000,105515018,US GOVT CAMP BULLIS,,3535 CMPB-SEWELL RD #10,,6/30/2021,7/29/2021,5/29/2021,6/28/2021,6301731,,,,,,,,General Service PL,,,8724,,,,,,,,31,0,0,0,8.75,,,,,,,,,,,,,,,,,,0,0,0,,,,,,,0,0,0,8.75,17.5,-8.75,8.75,17.5,17.5,2.1E+11
300-1691-307,500-0012-000,105515018,US GOVT CAMP BULLIS,,3535 CMPB-SEWELL RD #11,,6/30/2021,7/29/2021,5/29/2021,6/28/2021,6301728,,,,,,,,General Service PL,,,34060,,,,,,,,31,130,1,1,22.09,1.24,2.75,,,,,,,,,,,,,,,,0,0,0,,,,,,,0,0,0,22.09,67.22,-34.03,33.19,55.28,55.28,2.1E+11
300-1691-309,500-0012-000,105515018,US GOVT CAMP BULLIS,,3535 CMPB-SEWELL RD #12,,6/30/2021,7/29/2021,5/29/2021,6/28/2021,6301730,,,,,,,,General Service PL,,,26466,,,,,,,,31,96,0,0,18.6,0.92,2.03,,,,,,,,,,,,,,,,0,0,0,,,,,,,0,0,0,18.6,43.05,-9.63,33.42,52.02,52.02,2.1E+11
300-1691-312,500-0012-000,105515018,US GOVT CAMP BULLIS,,3535 CMPB-SEWELL RD #13,,6/30/2021,7/29/2021,5/29/2021,6/28/2021,6301729,,,,,,,,General Service PL,,,32976,,,,,,,,31,43,1,1,13.16,0.41,0.91,,,,,,,,,,,,,,,,0,0,0,,,,,,,0,0,0,13.16,44.55,-25.05,19.5,32.66,32.66,2.1E+11
300-1691-313,500-0012-000,105515018,US GOVT CAMP BULLIS,,3535 CMPB-SEWELL RD #14,,6/30/2021,7/29/2021,5/29/2021,6/28/2021,6301658,,,,,,,,General Service PL,,,11438,,,,,,,,31,475,1,1,57.5,4.54,10.06,,,,,,,,,,,,,,,,0,0,0,,,,,,,0,0,0,57.5,49.92,-25.49,24.43,81.93,81.93,2.1E+11
300-1691-314,500-0012-000,105515018,US GOVT CAMP BULLIS,,3535 CMPB-SEWELL RD #15,COLLECTIVE TRNG FACILITY,6/30/2021,7/29/2021,5/29/2021,6/28/2021,6246723,,,,,,,,General Service PL,,,9348,,,,,,,,31,72,0,0,16.14,0.69,1.52,,,,,,,,,,,,,,,,0,0,0,,,,,,,0,0,0,16.14,30.33,-15.43,14.9,31.04,31.04,2.1E+11
300-1811-089,500-0012-000,105515018,US GOVT CAMP BULLIS,,6143 CMPB-MARNE RD #6,,6/30/2021,7/29/2021,5/29/2021,6/28/2021,6348013,,,,,,,,General Service PL,,,59388,,,,,,,,31,4033,19,19,490.63,38.56,85.38,,,,,,,,,,,,,,,,0,0,0,,,,,,,0,0,0,490.63,812.2,-305.88,506.32,996.95,996.95,2.1E+11
300-1821-843,500-0012-000,105515018,US GOVT CAMP BULLIS,,5100 CAMP BULLIS RD #8,,6/30/2021,7/29/2021,5/29/2021,6/28/2021,8103499,,,,,,,,General Service PL,,,2734,,,,,,,,31,106,0,0,19.62,1.01,2.24,,,,,,,,,,,,,,,,0,0,0,,,,,,,0,0,0,19.62,40.4,-21.23,19.17,38.79,38.79,2.1E+11
300-1837-202,500-0012-000,105515018,US GOVT CAMP BULLIS,,6120 CMPB-MCWILLIAMS RD #6,,6/30/2021,7/29/2021,5/29/2021,6/28/2021,6626253,,,,,,,,General Service PL,,,6457,,,,,,,,31,6040,19,19,672.88,57.74,127.87,,,,,,,,,,,,,,,,0,0,0,,,,,,,0,0,0,672.88,1164.83,-588.37,576.46,1249.34,1249.34,2.1E+11
300-1902-365,500-0012-000,105515018,US GOVT CAMP BULLIS,,5324 CMPB-DUTY #2,,6/30/2021,7/29/2021,5/29/2021,6/28/2021,6533874,,,,,,,,General Service PL,,,60548,,,,,,,,31,1431,5,5,172.06,13.68,30.29,,,,,,,,,,,,,,,,0,0,0,,,,,,,0,0,0,172.06,272.89,-140.94,131.95,304.01,304.01,2.1E+11
300-1902-663,500-0012-000,105515018,US GOVT CAMP BULLIS,,4385 CMPB-WILDERNESS TRL,,6/30/2021,7/29/2021,5/29/2021,6/28/2021,6321071,,,,,,,,General Service PL,,,3109,,,,,,,,31,44,,,13.26,0.42,0.93,,,,,,,,,,,,,,,,0,0,0,,,,,,,0,0,0,13.26,24.72,-13.56,11.16,24.42,24.42,2.1E+11
300-1984-575,500-0012-000,105515018,US GOVT CAMP BULLIS,,4805 CMPB-CAMP BULLIS RD,,6/30/2021,7/29/2021,5/29/2021,6/28/2021,6533868,,,,,,,,General Service PL,,,73073,,,,,,,,31,2369,10,10,286.91,22.65,50.15,,,,,,,,,,,,,,,,0,0,0,,,,,,,0,0,0,286.91,251.29,-110.12,141.17,428.08,428.08,2.1E+11
300-2037-591,500-0012-000,105515018,US GOVT CAMP BULLIS,,6284 CMPB-WILDERNESS TRL,,6/30/2021,7/29/2021,5/29/2021,6/28/2021,6321068,,,,,,,,General Service PL,,,462,,,,,,,,31,0,,,8.75,,,,,,,,,,,,,,,,,,0,0,0,,,,,,,0,0,0,8.75,17.5,-8.75,8.75,17.5,17.5,2.1E+11
300-2037-592,500-0012-000,105515018,US GOVT CAMP BULLIS,,6281 CMPB-WILDERNESS TRL,,6/30/2021,7/29/2021,5/29/2021,6/28/2021,6301656,,,,,,,,General Service PL,,,74470,,,,,,,,31,298,4,4,39.34,2.85,6.31,,,,,,,,,,,,,,,,0,0,0,,,,,,,0,0,0,39.34,253.01,-164,89.01,128.35,128.35,2.1E+11
300-2056-078,500-0012-000,105515018,US GOVT CAMP BULLIS,,4555 CMPB-WILDERNESS TRL,,6/30/2021,7/29/2021,5/29/2021,6/28/2021,6448457,,,,,,,,General Service PL,,,47092,,,,,,,,31,10,,,9.78,0.1,0.21,,,,,,,,,,,,,,,,0,0,0,,,,,,,0,0,0,9.78,250.99,-218.56,32.43,42.21,42.21,2.1E+11
300-2139-207,500-0012-000,105515018,US GOVT CAMP BULLIS,,6131 CMPB-BLACK JACK VILLAGE #1,,6/30/2021,7/29/2021,5/29/2021,6/28/2021,6690752,,,,,,,,General Service PL,,,21780,,,,,,,,31,22920,57,57,2380.37,219.12,485.22,,,,,,,,,,,,,,,,0,0,0,,,,,,,0,0,0,2380.37,4162.84,-2024.54,2138.3,4518.67,4518.67,2.1E+11
300-2156-710,500-0012-000,105515018,US GOVT CAMP BULLIS,,5130 CMPB-WILKERSON RD,,6/30/2021,7/29/2021,5/29/2021,6/28/2021,6463128,,,,,,,,General Service PL,,,7751,,,,,,,,31,10740,42,42,1244.43,102.67,227.37,,,,,,,,,,,,,,,,0,0,0,,,,,,,0,0,0,1244.43,1921.72,-966.35,955.37,2199.8,2199.8,2.1E+11
300-2277-156,500-0012-000,105515018,US GOVT CAMP BULLIS,,5118 CMPB-WILKERSON RD,,6/30/2021,7/29/2021,5/29/2021,6/28/2021,6246569,,,,,,,,General Service PL,,,7744,,,,,,,,31,1003,7,7,119.67,9.59,21.23,,,,,,,,,,,,,,,,0,0,0,,,,,,,0,0,0,119.67,-52.04,-9.85,-61.89,57.78,57.78,2.1E+11
300-2335-213,500-0012-000,105515018,US GOVT CAMP BULLIS,,4893 CMPB-WILDERNESS TRL,,6/30/2021,7/29/2021,5/29/2021,6/28/2021,6321070,,,,,,,,General Service PL,,,4490,,,,,,,,31,0,,,8.75,,,,,,,,,,,,,,,,,,0,0,0,,,,,,,0,0,0,8.75,46.84,-36.99,9.85,18.6,18.6,2.1E+11
300-2361-699,500-0012-000,105515018,US GOVT CAMP BULLIS,,5067 CMPB-CAMP BULLIS RD #LCT,,6/30/2021,7/29/2021,5/29/2021,6/28/2021,6690747,,,,,,,,General Service PL,,,2884,,,,,,,,31,11100,29,29,1173.96,106.12,234.99,,,,,,,,,,,,,,,,0,0,0,,,,,,,0,0,0,1173.96,1694.42,-818.28,876.14,2050.1,2050.1,2.1E+11
300-2362-505,500-0012-000,105515018,US GOVT CAMP BULLIS,,5048 CMPB-WILKERSON RD #1,,6/30/2021,7/29/2021,5/29/2021,6/28/2021,6463135,,,,,,,,General Service PL,,,20963,,,,,,,,31,45120,142,142,4897.07,431.35,955.19,,,,,,,,,,,,,,,,0,0,0,,,,,,,0,0,0,4897.07,9584.86,-5596.99,3987.87,8884.94,8884.94,2.1E+11
300-2362-506,500-0012-000,105515018,US GOVT CAMP BULLIS,,5048 CMPB-WILKERSON RD #2,,6/30/2021,7/29/2021,5/29/2021,6/28/2021,6463136,,,,,,,,General Service PL,,,5164,,,,,,,,31,17568,36,36,1769.7,167.95,371.91,,,,,,,,,,,,,,,,0,0,0,,,,,,,0,0,0,1769.7,2312.95,-1126.27,1186.68,2956.38,2956.38,2.1E+11
300-2385-286,500-0012-000,105515018,US GOVT CAMP BULLIS,,5011 CMPB-CAMP BULLIS RD,,6/30/2021,7/29/2021,5/29/2021,6/28/2021,6301705,,,,,,,,General Service PL,,,37600,,,,,,,,31,190,3,3,28.25,1.82,4.02,,,,,,,,,,,,,,,,0,0,0,,,,,,,0,0,0,28.25,60.56,-29.44,31.12,59.37,59.37,2.1E+11
300-2388-349,500-0012-000,105515018,US GOVT CAMP BULLIS,,6001 CMPB-NW MILITARY HWY,,6/30/2021,7/29/2021,5/29/2021,6/28/2021,6463140,,,,,,,,General Service PL,,,4174,,,,,,,,31,1560,20,20,187.86,14.91,33.03,,,,,,,,,,,,,,,,0,0,0,,,,,,,0,0,0,187.86,655.45,-523.5,131.95,319.81,319.81,2.1E+11
300-2486-378,500-0012-000,105515018,US GOVT CAMP BULLIS,,5250 CMPB-CAMP BULLIS RD,,6/30/2021,7/29/2021,5/29/2021,6/28/2021,8079494,,,,,,,,General Service PL,,,95692,,,,,,,,31,19191,49,49,2006.21,183.47,406.27,,,,,,,,,,,,,,,,0,0,0,,,,,,,0,0,0,2006.21,3058.3,-1558.84,1499.46,3505.67,3505.67,2.1E+11
300-2526-991,500-0012-000,105515018,US GOVT CAMP BULLIS,,26351 CMPB-MALABANG TRAIL #1,,6/30/2021,7/29/2021,5/29/2021,6/28/2021,6489110,,,,,,,,General Service PL,,,3646,,,,,,,,31,121,,,21.17,1.16,2.56,,,,,,,,,,,,,,,,0,0,0,,,,,,,0,0,0,21.17,46.63,-23.85,22.78,43.95,43.95,2.1E+11
300-2526-993,500-0012-000,105515018,US GOVT CAMP BULLIS,,26351 CMPB-MALABANG TRAIL #2,,6/30/2021,7/29/2021,5/29/2021,6/28/2021,8048090,,,,,,,,General Service PL,,,,,,,,,,,,,0,0,8.75,,,,,,,,,,,,,,,,,,,,0,,,,,,,0,0,0,8.75,17.5,-8.75,8.75,17.5,17.5,2.1E+11
300-2589-112,500-0012-000,105515018,US GOVT CAMP BULLIS,,5114 CMPB-WILKERSON RD,,6/30/2021,7/29/2021,5/29/2021,6/28/2021,6533873,,,,,,,,General Service PL,,,84878,,,,,,,,31,4119,14,14,473.34,39.38,87.2,,,,,,,,,,,,,,,,0,0,0,,,,,,,0,0,0,473.34,609.05,-309.95,299.1,772.44,772.44,2.1E+11
300-2683-389,500-0012-000,105515018,US GOVT CAMP BULLIS,,6131 CMPB-BLACK JACK VILLAGE #2,IDTF TENT SITE,6/30/2021,7/29/2021,5/29/2021,6/28/2021,6690741,,,,,,,,General Service PL,,,3201,,,,,,,,31,6280,34,34,765.73,60.04,132.95,,,,,,,,,,,,,,,,0,0,0,,,,,,,0,0,0,765.73,854.98,-148.75,706.23,1471.96,1471.96,2.1E+11
300-2683-395,500-0012-000,105515018,US GOVT CAMP BULLIS,,5401 CMPB-DUTY,,6/30/2021,7/29/2021,5/29/2021,6/28/2021,6463156,,,,,,,,General Service PL,,,9403,,,,,,,,31,7440,12,12,735.92,71.13,157.5,,,,,,,,,,,,,,,,0,0,0,,,,,,,0,0,0,735.92,2255.36,-1425.95,829.41,1565.33,1565.33,2.1E+11
300-2683-399,500-0012-000,105515018,US GOVT CAMP BULLIS,,5405 CMPB-DUTY,,6/30/2021,7/29/2021,5/29/2021,6/28/2021,6463155,,,,,,,,General Service PL,,,2031,,,,,,,,31,2880,7,7,315.41,27.53,60.97,,,,,,,,,,,,,,,,0,0,0,,,,,,,0,0,0,315.41,674.34,-380.5,293.84,609.25,609.25,2.1E+11
300-2683-802,500-0012-000,105515018,US GOVT CAMP BULLIS,,5409 CMPB-DUTY,,6/30/2021,7/29/2021,5/29/2021,6/28/2021,6463158,,,,,,,,General Service PL,,,2144,,,,,,,,31,2700,5,5,284.86,25.81,57.16,,,,,,,,,,,,,,,,0,0,0,,,,,,,0,0,0,284.86,622.26,-346.73,275.53,560.39,560.39,2.1E+11
300-2683-804,500-0012-000,105515018,US GOVT CAMP BULLIS,,5413 CMPB-DUTY,,6/30/2021,7/29/2021,5/29/2021,6/28/2021,6463159,,,,,,,,General Service PL,,,17556,,,,,,,,31,30720,110,110,3443.67,293.68,650.34,,,,,,,,,,,,,,,,0,0,0,,,,,,,0,0,0,3443.67,6381.04,-3391.33,2989.71,6433.38,6433.38,2.1E+11
300-2683-807,500-0012-000,105515018,US GOVT CAMP BULLIS,,5420 CMPB-MARNE RD,,6/30/2021,7/29/2021,5/29/2021,6/28/2021,6690745,,,,,,,,General Service PL,,,8964,,,,,,,,31,42400,121,121,4506.78,405.34,897.61,,,,,,,,,,,,,,,,0,0,0,,,,,,,0,0,0,4506.78,8378.42,-4392.96,3985.46,8492.24,8492.24,2.1E+11
300-2683-809,500-0012-000,105515018,US GOVT CAMP BULLIS,,5424 CMPB-MARNE RD,,6/30/2021,7/29/2021,5/29/2021,6/28/2021,6690746,,,,,,,,General Service PL,,,5795,,,,,,,,31,7620,14,14,766.48,72.85,161.32,,,,,,,,,,,,,,,,0,0,0,,,,,,,0,0,0,766.48,1697.14,-956.82,740.32,1506.8,1506.8,2.1E+11
300-2683-810,500-0012-000,105515018,US GOVT CAMP BULLIS,,5425 CMPB-MARNE RD,,6/30/2021,7/29/2021,5/29/2021,6/28/2021,6690754,,,,,,,,General Service PL,,,5649,,,,,,,,31,12640,25,25,1271.94,120.84,267.59,,,,,,,,,,,,,,,,0,0,0,,,,,,,0,0,0,1271.94,1985.7,-1094.08,891.62,2163.56,2163.56,2.1E+11
300-2683-814,500-0012-000,105515018,US GOVT CAMP BULLIS,,5428 CMPB-MARNE RD,,7/1/2021,7/29/2021,5/29/2021,6/28/2021,8068434,,,,,,,,General Service PL,,,6021,,,,,,,,31,68400,266,266,7806.06,653.9,"1,448.03",,,,,,,,,,,,,,,,0,0,0,,,,,,,0,0,0,7806.06,11948.9,-5162.56,6786.34,14592.4,14592.4,1002588369
300-2683-823,500-0012-000,105515018,US GOVT CAMP BULLIS,,5055 CMPB-BULLIS RD #1,,6/30/2021,7/29/2021,5/29/2021,6/28/2021,6301713,,,,,,,,General Service PL,,,78871,,,,,,,,31,1109,4,4,132.65,10.6,23.48,,,,,,,,,,,,,,,,0,0,0,,,,,,,0,0,0,132.65,209.43,-109.17,100.26,232.91,232.91,2.1E+11
300-2683-824,500-0012-000,105515018,US GOVT CAMP BULLIS,,5160 CMPB-DUTY,,6/30/2021,7/29/2021,5/29/2021,6/28/2021,6246568,,,,,,,,General Service PL,,,37345,,,,,,,,31,2599,8,8,299.63,24.85,55.02,,,,,,,,,,,,,,,,0,0,0,,,,,,,0,0,0,299.63,436.92,-212.36,224.56,524.19,524.19,2.1E+11
300-2683-827,500-0012-000,105515018,US GOVT CAMP BULLIS,,20650 CMPB-WILKERSON RD #1,,6/30/2021,7/29/2021,5/29/2021,6/28/2021,6301676,,,,,,,,General Service PL,,,77748,,,,,,,,31,3318,16,16,403.09,31.72,70.24,,,,,,,,,,,,,,,,0,0,0,,,,,,,0,0,0,403.09,469.7,-221.68,248.02,651.11,651.11,2.1E+11
300-2683-828,500-0012-000,105515018,US GOVT CAMP BULLIS,,4301 CMPB-WILKERSON RD,,6/30/2021,7/29/2021,5/29/2021,6/28/2021,6301677,,,,,,,,General Service PL,,,46561,,,,,,,,31,524,4,4,62.53,5.01,11.09,,,,,,,,,,,,,,,,0,0,0,,,,,,,0,0,0,62.53,44.23,-20.57,23.66,86.19,86.19,2.1E+11
300-2683-829,500-0012-000,105515018,US GOVT CAMP BULLIS,,6077 CMPB-LAURIN HILL RD,,6/30/2021,7/29/2021,5/29/2021,6/28/2021,6301875,,,,,,,,General Service PL,,,15747,,,,,,,,31,312,1,1,40.77,2.98,6.61,,,,,,,,,,,,,,,,0,0,0,,,,,,,0,0,0,40.77,67.49,-57.88,9.61,50.38,50.38,2.1E+11
300-2683-830,500-0012-000,105515018,US GOVT CAMP BULLIS,,21528 CMPB-MC WILLIAMS RD,,6/30/2021,7/29/2021,5/29/2021,6/28/2021,6463157,,,,,,,,General Service PL,,,4405,,,,,,,,31,8720,29,29,974.67,83.36,184.6,,,,,,,,,,,,,,,,0,0,0,,,,,,,0,0,0,974.67,1459.55,-687.15,772.4,1747.07,1747.07,2.1E+11
300-2683-832,500-0012-000,105515018,US GOVT CAMP BULLIS,,26800 CMPB-MIDDLETON RD #1LCT,,7/1/2021,7/29/2021,5/29/2021,6/28/2021,6690743,,,,,,,,General Service PL,,,2586,,,,,,,,31,73440,173,173,7508.24,702.09,"1,554.72",,,,,,,,,,,,,,,,0,0,0,,,,,,,0,0,0,7508.24,11150.38,-5860.82,5289.56,12797.8,12797.8,1002588370
300-2683-833,500-0012-000,105515018,US GOVT CAMP BULLIS,,5055 CMPB-BULLIS RD #2,,6/30/2021,7/29/2021,5/29/2021,6/28/2021,6533863,,,,,,,,General Service PL,,,95197,,,,,,,,31,4960,28,28,604.12,47.42,105,,,,,,,,,,,,,,,,0,0,0,,,,,,,0,0,0,604.12,251.24,-148.35,102.89,707.01,707.01,2.1E+11
300-2773-997,500-0012-000,105515018,US GOVT CAMP BULLIS,,4635 CMPB-WILDERNESS TRL,MPQC RANGE,6/30/2021,7/29/2021,5/29/2021,6/28/2021,6322462,,,,,,,,General Service PL,,,19345,,,,,,,,31,33,,,12.14,0.32,0.7,,,,,,,,,,,,,,,,0,0,0,,,,,,,0,0,0,12.14,40.73,-24.74,15.99,28.13,28.13,2.1E+11
300-2825-105,500-0012-000,105515018,US GOVT CAMP BULLIS,,26355 MALABANG TRAIL #3,SHOOTHOUSE,6/30/2021,7/29/2021,5/29/2021,6/28/2021,8103497,,,,,,,,General Service PL,,,24012,,,,,,,,31,1171,3,3,140.23,11.19,24.79,,,,,,,,,,,,,,,,0,0,0,,,,,,,0,0,0,140.23,214.21,-113.95,100.26,240.49,240.49,2.1E+11
300-2825-106,500-0012-000,105515018,US GOVT CAMP BULLIS,,26355 MALABANG TRAIL #4,SHOOTHOUSE,6/30/2021,7/29/2021,5/29/2021,6/28/2021,8103496,,,,,,,,General Service PL,,,5389,,,,,,,,31,84,5,5,17.37,0.8,1.78,,,,,,,,,,,,,,,,0,0,0,,,,,,,0,0,0,17.37,36.34,-21.34,15,32.37,32.37,2.1E+11
300-2856-825,500-0012-000,105515018,US GOVT CAMP BULLIS,,23427 CMPB-MARNE RD,METC AIRCRAFT PAD,6/30/2021,7/29/2021,5/29/2021,6/28/2021,6348055,,,,,,,,General Service PL,,,129,,,,,,,,31,2,1,1,8.95,0.02,0.04,,,,,,,,,,,,,,,,0,0,0,,,,,,,0,0,0,8.95,18.27,-9.08,9.19,18.14,18.14,2.1E+11
300-2856-828,500-0012-000,105515018,US GOVT CAMP BULLIS,,23428 CMPB-MARNE RD,,6/30/2021,7/29/2021,5/29/2021,6/28/2021,6348053,,,,,,,,General Service PL,,,20671,,,,,,,,31,12,1,1,9.97,0.11,0.25,,,,,,,,,,,,,,,,0,0,0,,,,,,,0,0,0,9.97,2.95,-14.23,-11.28,-1.31,-1.31,2.1E+11
300-2856-829,500-0012-000,105515018,US GOVT CAMP BULLIS,,23429 CMPB-MARNE RD,,6/30/2021,7/29/2021,5/29/2021,6/28/2021,6348015,,,,,,,,General Service PL,,,16493,,,,,,,,31,8,0,0,9.58,0.08,0.17,,,,,,,,,,,,,,,,0,0,0,,,,,,,0,0,0,9.58,68.07,-58.66,9.41,18.99,18.99,2.1E+11
300-2856-830,500-0012-000,105515018,US GOVT CAMP BULLIS,,23430 CMPB-MARNE RD #1,,6/30/2021,7/29/2021,5/29/2021,6/28/2021,6348016,,,,,,,,General Service PL,,,,,,,,,,,,,0,0,8.75,,,,,,,,,,,,,,,,,,,,0,,,,,,,0,0,0,8.75,17.5,-8.75,8.75,17.5,17.5,2.1E+11
300-2857-331,500-0012-000,105515018,US GOVT CAMP BULLIS,,6131 CMPB-BLACK JACK VILLAGE #4,,6/30/2021,7/29/2021,5/29/2021,6/28/2021,8075361,,,,,,,,General Service PL,,,45794,,,,,,,,31,1882,,,216.36,17.99,39.84,,,,,,,,,,,,,,,,0,0,0,,,,,,,0,0,0,216.36,165.61,-71.46,94.15,310.51,310.51,2.1E+11
300-2884-779,500-0012-000,105515018,US GOVT CAMP BULLIS,,23414 CMPB-MARNE RD #2,METC MOULAGE TENT SITE,6/30/2021,7/29/2021,5/29/2021,6/28/2021,6348019,,,,,,,,General Service PL,,,6111,,,,,,,,31,5311,29,29,647.09,50.77,112.43,,,,,,,,,,,,,,,,0,0,0,,,,,,,0,0,0,647.09,1703.85,-807.55,896.3,1543.39,1543.39,2.1E+11
300-2897-266,500-0012-000,105515018,US GOVT CAMP BULLIS,,23402 CMPB-MARNE RD,,6/30/2021,7/29/2021,5/29/2021,6/28/2021,6348018,,,,,,,,General Service PL,,,61089,,,,,,,,31,2800,18,18,339.68,26.77,59.28,,,,,,,,,,,,,,,,0,0,0,,,,,,,0,0,0,339.68,473.11,-252.61,220.5,560.18,560.18,2.1E+11
300-2897-267,500-0012-000,105515018,US GOVT CAMP BULLIS,,23404 CMPB-MARNE RD,,6/30/2021,7/29/2021,5/29/2021,6/28/2021,6348028,,,,,,,,General Service PL,,,76586,,,,,,,,31,3874,13,13,445.09,37.04,82.01,,,,,,,,,,,,,,,,0,0,0,,,,,,,0,0,0,445.09,552.97,-216.06,336.91,782,782,2.1E+11
300-2897-268,500-0012-000,105515018,US GOVT CAMP BULLIS,,23406 CMPB-MARNE RD,,6/30/2021,7/29/2021,5/29/2021,6/28/2021,6348029,,,,,,,,General Service PL,,,31674,,,,,,,,31,2399,9,9,290.58,22.93,50.79,,,,,,,,,,,,,,,,0,0,0,,,,,,,0,0,0,290.58,364.34,-193.38,170.96,461.54,461.54,2.1E+11
300-2897-270,500-0012-000,105515018,US GOVT CAMP BULLIS,,23409 CMPB-MARNE RD,,6/30/2021,7/29/2021,5/29/2021,6/28/2021,6348010,,,,,,,,General Service PL,,,77335,,,,,,,,31,3694,11,11,414.52,35.31,78.2,,,,,,,,,,,,,,,,0,0,0,,,,,,,0,0,0,414.52,834.27,-493.53,340.74,755.26,755.26,2.1E+11
300-2897-271,500-0012-000,105515018,US GOVT CAMP BULLIS,,23403 CMPB-MARNE RD,,6/30/2021,7/29/2021,5/29/2021,6/28/2021,6348011,,,,,,,,General Service PL,,,42903,,,,,,,,31,3159,12,12,377.48,30.2,66.88,,,,,,,,,,,,,,,,0,0,0,,,,,,,0,0,0,377.48,410.35,-223.84,186.51,563.99,563.99,2.1E+11
300-2897-273,500-0012-000,105515018,US GOVT CAMP BULLIS,,23408 CMPB-MARNE RD,,6/30/2021,7/29/2021,5/29/2021,6/28/2021,6348008,,,,,,,,General Service PL,,,67448,,,,,,,,31,3395,13,13,404.97,32.46,71.87,,,,,,,,,,,,,,,,0,0,0,,,,,,,0,0,0,404.97,123.26,-297.64,-174.38,230.59,230.59,2.1E+11
300-2897-275,500-0012-000,105515018,US GOVT CAMP BULLIS,,23413 CMPB-MARNE RD,,6/30/2021,7/29/2021,5/29/2021,6/28/2021,6348031,,,,,,,,General Service PL,,,40195,,,,,,,,31,914,5,5,108.78,8.74,19.35,,,,,,,,,,,,,,,,0,0,0,,,,,,,0,0,0,108.78,698.63,-322.36,376.27,485.05,485.05,2.1E+11
300-2897-281,500-0012-000,105515018,US GOVT CAMP BULLIS,,23401 CMPB-MARNE RD,,6/30/2021,7/29/2021,5/29/2021,6/28/2021,6348009,,,,,,,,General Service PL,,,72225,,,,,,,,31,4465,20,20,543.52,42.69,94.52,,,,,,,,,,,,,,,,0,0,0,,,,,,,0,0,0,543.52,1095.11,-549.07,546.04,1089.56,1089.56,2.1E+11
300-2897-283,500-0012-000,105515018,US GOVT CAMP BULLIS,,23410 CMPB-MARNE RD,,6/30/2021,7/29/2021,5/29/2021,6/28/2021,6463152,,,,,,,,General Service PL,,,6570,,,,,,,,31,4400,21,21,535.56,42.06,93.15,,,,,,,,,,,,,,,,0,0,0,,,,,,,0,0,0,535.56,952.2,-509.18,443.02,978.58,978.58,2.1E+11
300-2897-285,500-0012-000,105515018,US GOVT CAMP BULLIS,,23400 CMPB-MARNE RD,,6/30/2021,7/29/2021,5/29/2021,6/28/2021,8090468,,,,,,,,General Service PL,,,16395,,,,,,,,31,11880,30,30,1247,113.57,251.5,,,,,,,,,,,,,,,,0,0,0,,,,,,,0,0,0,1247,2057.45,-1125.04,932.41,2179.41,2179.41,2.1E+11
300-2897-487,500-0012-000,105515018,US GOVT CAMP BULLIS,,23411 CMPB-MARNE RD,,6/30/2021,7/29/2021,5/29/2021,6/28/2021,6463153,,,,,,,,General Service PL,,,11139,,,,,,,,31,9360,52,52,1142.81,89.48,198.15,,,,,,,,,,,,,,,,0,0,0,,,,,,,0,0,0,1142.81,1583.37,-819.72,763.65,1906.46,1906.46,2.1E+11
300-2897-488,500-0012-000,105515018,US GOVT CAMP BULLIS,,23407 CMPB-MARNE RD,,6/30/2021,7/29/2021,5/29/2021,6/28/2021,6348025,,,,,,,,General Service PL,,,61741,,,,,,,,31,1650,34,34,198.88,15.77,34.93,,,,,,,,,,,,,,,,0,0,0,,,,,,,0,0,0,198.88,448.47,-253.1,195.37,394.25,394.25,2.1E+11
300-2897-490,500-0012-000,105515018,US GOVT CAMP BULLIS,,23405 CMPB-MARNE RD,,6/30/2021,7/29/2021,5/29/2021,6/28/2021,6348030,,,,,,,,General Service PL,,,34831,,,,,,,,31,956,39,39,144.75,,,,,,,,,,,,,,,,,,0,0,0,,,,,,,0,0,0,144.75,-43142.13,-293.46,-43435.59,-43290.84,-43290.84,2.1E+11
300-2897-491,500-0012-000,105515018,US GOVT CAMP BULLIS,,23412 CMPB-MARNE RD,,6/29/2021,7/29/2021,5/29/2021,6/28/2021,4336813,,,,,,,,General Service PL,,,60782,,,,,,,,31,2639,46,46,319.96,25.23,55.87,,,,,,,,,,,,,,,,0,0,0,,,,,,,0,0,0,319.96,600.14,-274.96,325.18,645.14,645.14,110596534
300-2897-493,500-0012-000,105515018,US GOVT CAMP BULLIS,,23419 CMPB-MARNE RD,,7/1/2021,7/29/2021,5/29/2021,6/28/2021,6463150,,,,,,,,General Service PL,,,19157,,,,,,,,31,20880,152,152,2553.2,199.61,442.03,,,,,,,,,,,,,,,,0,0,0,,,,,,,0,0,0,2553.2,4442.69,-2300.78,2141.91,4695.11,4695.11,907853018
300-2897-495,500-0012-000,105515018,US GOVT CAMP BULLIS,,23421 CMPB-MARNE RD,,6/30/2021,7/29/2021,5/29/2021,6/28/2021,6348012,,,,,,,,General Service PL,,,5304,,,,,,,,31,10,0,0,9.78,0.1,0.21,,,,,,,,,,,,,,,,0,0,0,,,,,,,0,0,0,9.78,19.7,-9.96,9.74,19.52,19.52,2.1E+11
300-2897-498,500-0012-000,105515018,US GOVT CAMP BULLIS,,23420 CMPB-MARNE RD,,6/30/2021,7/29/2021,5/29/2021,6/28/2021,6348017,,,,,,,,General Service PL,,,,,,,,,,,,,0,0,8.75,,,,,,,,,,,,,,,,,,,,0,,,,,,,0,0,0,8.75,17.5,-8.75,8.75,17.5,17.5,2.1E+11
300-2897-499,500-0012-000,105515018,US GOVT CAMP BULLIS,,23424 CMPB-MARNE RD,,6/30/2021,7/29/2021,5/29/2021,6/28/2021,6348052,,,,,,,,General Service PL,,,9706,,,,,,,,31,217,9,9,31.01,2.07,4.59,,,,,,,,,,,,,,,,0,0,0,,,,,,,0,0,0,31.01,-32.17,-20.75,-52.92,-21.91,-21.91,2.1E+11
300-2897-705,500-0012-000,105515018,US GOVT CAMP BULLIS,,23414 CMPB-MARNE RD #1,,6/30/2021,7/29/2021,5/29/2021,6/28/2021,6463151,,,,,,,,General Service PL,,,7230,,,,,,,,31,3640,12,12,417.75,34.8,77.06,,,,,,,,,,,,,,,,0,0,0,,,,,,,0,0,0,417.75,1194.04,-1053.82,140.22,557.97,557.97,2.1E+11
300-2897-801,500-0012-000,105515018,US GOVT CAMP BULLIS,,23425 CMPB-MARNE RD,,6/30/2021,7/29/2021,5/29/2021,6/28/2021,6348054,,,,,,,,General Service PL,,,6766,,,,,,,,31,15,5,5,10.29,0.14,0.32,,,,,,,,,,,,,,,,0,0,0,,,,,,,0,0,0,10.29,63.08,-25.93,37.15,47.44,47.44,2.1E+11
300-2897-803,500-0012-000,105515018,US GOVT CAMP BULLIS,,23426 CMPB-MARNE RD,,6/30/2021,7/29/2021,5/29/2021,6/28/2021,6348068,,,,,,,,General Service PL,,,1300,,,,,,,,31,10,1,1,9.78,0.1,0.21,,,,,,,,,,,,,,,,0,0,0,,,,,,,0,0,0,9.78,19.7,-9.96,9.74,19.52,19.52,2.1E+11
300-2897-804,500-0012-000,105515018,US GOVT CAMP BULLIS,,23422 CMPB-MARNE RD #1,,6/30/2021,7/29/2021,5/29/2021,6/28/2021,8068432,,,,,,,,General Service PL,,,7868,,,,,,,,31,27040,91,91,2988.49,258.5,572.44,,,,,,,,,,,,,,,,0,0,0,,,,,,,0,0,0,2988.49,2738.28,-1813.46,924.82,3913.31,3913.31,2.1E+11
300-2897-805,500-0012-000,105515018,US GOVT CAMP BULLIS,,23423 CMPB-MARNE RD,,6/30/2021,7/29/2021,5/29/2021,6/28/2021,6348014,,,,,,,,General Service PL,,,31604,,,,,,,,31,367,1,1,46.42,3.51,7.77,,,,,,,,,,,,,,,,0,0,0,,,,,,,0,0,0,46.42,86.07,-43.67,42.4,88.82,88.82,2.1E+11
300-2997-336,500-0012-000,105515018,US GOVT CAMP BULLIS,,23502 CMPB-GATOR LN,B-6152,7/1/2021,7/29/2021,5/29/2021,6/28/2021,6227813,,,,,,,,General Service PL,,,19649,,,,,,,,31,626,2,2,73.5,5.98,13.25,,,,,,,,,,,,,,,,0,0,0,,,,,,,0,0,0,73.5,1037.44,-543.58,493.86,567.36,567.36,907853019
300-3067-489,500-0012-000,105515018,US GOVT CAMP BULLIS,,6134 CMPB-MARNE RD #2,LAUNDRY NEAR B-6134,6/30/2021,7/29/2021,5/29/2021,6/28/2021,6690732,,,,,,,,General Service PL,,,1750,,,,,,,,31,1640,81,81,312.75,,,,,,,,,,,,,,,,,,0,0,0,,,,,,,0,0,0,312.75,345.5,-172.75,172.75,485.5,485.5,2.1E+11
300-3075-025,500-0012-000,105515018,US GOVT CAMP BULLIS,,6130 CMPB-MARNE RD #3,B-6152,6/30/2021,7/29/2021,5/29/2021,6/28/2021,8090470,,,,,,,,General Service PL,,,3322,,,,,,,,31,5914,20,20,670.07,56.54,125.2,,,,,,,,,,,,,,,,0,0,0,,,,,,,0,0,0,670.07,826.02,-384.96,441.06,1111.13,1111.13,2.1E+11
300-3075-028,500-0012-000,105515018,US GOVT CAMP BULLIS,,6130 CMPB-MARNE RD #4,B-6155,6/30/2021,7/29/2021,5/29/2021,6/28/2021,6690733,,,,,,,,General Service PL,,,1399,,,,,,,,31,4480,47,47,545.35,42.83,94.84,,,,,,,,,,,,,,,,0,0,0,,,,,,,0,0,0,545.35,340.23,-155.63,184.6,729.95,729.95,2.1E+11
300-3075-030,500-0012-000,105515018,US GOVT CAMP BULLIS,,6130 CMPB-MARNE RD #6,B-6154,6/30/2021,7/29/2021,5/29/2021,6/28/2021,6690734,,,,,,,,General Service PL,,,2315,,,,,,,,31,3600,24,24,437.62,34.42,76.21,,,,,,,,,,,,,,,,0,0,0,,,,,,,0,0,0,437.62,373.73,-160.41,213.32,650.94,650.94,2.1E+11
300-3075-031,500-0012-000,105515018,US GOVT CAMP BULLIS,,6130 CMPB-MARNE RD #7,B-6156,6/30/2021,7/29/2021,5/29/2021,6/28/2021,6533880,,,,,,,,General Service PL,,,44866,,,,,,,,31,1656,12,12,199.62,15.83,35.06,,,,,,,,,,,,,,,,0,0,0,,,,,,,0,0,0,199.62,103.7,-62.16,41.54,241.16,241.16,2.1E+11
300-3292-120,500-0012-000,105515018,US GOVT CAMP BULLIS,,6120 CMPB-MCWILLIAMS RD #3,,6/30/2021,7/29/2021,5/29/2021,6/28/2021,6690750,,,,,,,,General Service PL,,,4579,,,,,,,,31,4360,18,18,524.47,41.68,92.3,,,,,,,,,,,,,,,,0,0,0,,,,,,,0,0,0,524.47,794.44,-404.06,390.38,914.85,914.85,2.1E+11
300-3906-374,500-0012-000,105515018,US GOVT CAMP BULLIS,,3550 SHERMAN FIELD RD #WELL,,6/29/2021,7/29/2021,5/21/2021,6/18/2021,6346723,,,,,,,,General Service PL,,,12569,,,,,,,,29,300,1,1,39.54,2.87,6.35,,,,,,,,,,,,,,,,0,0,0,,,,,,,0,0,0,39.54,689.5,-344.75,344.75,384.29,384.29,110596535
300-4010-766,500-0012-000,105515018,US GOVT CAMP BULLIS,,23430 CMPB-MARNE RD #2,,6/30/2021,7/29/2021,5/29/2021,6/28/2021,8000533,,,,,,,,General Service PL,,,141,,,,,,,,31,2,0,0,8.95,0.02,0.04,,,,,,,,,,,,,,,,0,0,0,,,,,,,0,0,0,8.95,9.85,-9.19,0.66,9.61,9.61,2.1E+11
300-4189-765,500-0012-000,105515018,US GOVT CAMP BULLIS,,22519 CMPB-MARNE RD,,7/1/2021,7/29/2021,5/29/2021,6/28/2021,6690753,,,,,,,,General Service PL,,,5314,,,,,,,,31,7000,69,69,853.88,66.92,148.19,,,,,,,,,,,,,,,,0,0,0,,,,,,,0,0,0,853.88,-17398.1,-518.73,-17916.83,-17062.95,-17062.95,907853020
300-4196-359,500-0012-000,105515018,US GOVT CAMP BULLIS,,6270 CMPB-EAGLES NEST TRL #WELL,,6/30/2021,7/29/2021,5/29/2021,6/28/2021,8027815,,,,,,,,General Service PL,,,10068,,,,,,,,31,27,0,0,11.52,0.26,0.57,,,,,,,,,,,,,,,,0,0,0,,,,,,,0,0,0,11.52,65.95,-37.2,28.75,40.27,40.27,2.1E+11
300-4224-269,500-0012-000,105515018,US GOVT CAMP BULLIS,,6210 CMPB-BULLIS RD #SLS,,6/30/2021,7/29/2021,5/29/2021,6/28/2021,8000710,,,,,,,,General Service PL,,,22392,,,,,,,,31,117,1,1,20.76,1.12,2.48,,,,,,,,,,,,,,,,0,0,0,,,,,,,0,0,0,20.76,65.24,-39.93,25.31,46.07,46.07,2.1E+11
300-4261-435,500-0012-000,105515018,US GOVT CAMP BULLIS,,6281 CMPB-WILDERNESS TRL #SL,,6/29/2021,7/29/2021,5/29/2021,6/28/2021,,,,,,,,,,,,,,,,,,,,,,,,0,,,,,,,,,,,,,,,,,,,,0,,,,,,,0,0,9.03,0,18.19,-9.13,9.06,18.09,18.09,110596536
300-4293-743,500-0012-000,105515018,US GOVT CAMP BULLIS,,5900 CMPB-NW MILITARY HWY,,6/30/2021,7/29/2021,5/29/2021,6/28/2021,6463134,,,,,,,,General Service PL,,,3662,,,,,,,,31,2800,8,8,316.46,26.77,59.28,,,,,,,,,,,,,,,,0,0,0,,,,,,,0,0,0,316.46,-1440.99,-356.29,-1797.28,-1480.82,-1480.82,2.1E+11
300-4351-578,500-0012-000,105515018,US GOVT CAMP BULLIS,,4815 CMPB-CAMP BULLIS RD,,6/30/2021,7/29/2021,5/29/2021,6/28/2021,8027839,,,,,,,,General Service PL,,,63513,,,,,,,,31,2649,14,14,321.18,25.32,56.08,,,,,,,,,,,,,,,,0,0,0,,,,,,,3.24,0,0,321.18,482.11,-255.38,226.73,551.15,551.15,2.1E+11
300-4606-331,500-0012-000,105515018,US GOVT CAMP BULLIS,,26505 CMPB-MIDDLETON RD #2,,6/30/2021,7/29/2021,5/29/2021,6/28/2021,6283726,,,,,,,,General Service PL,,,31,,,,,,,,31,0,0,0,8.75,,,,,,,,,,,,,,,,,,0,0,0,,,,,,,0,0,0,8.75,17.5,-8.75,8.75,17.5,17.5,2.1E+11
